Hero,Winrate,Pick Rate,Counter1,Counter1_Wins,Counter2,Counter2_Wins,Counter3,Counter3_Wins,Pick1,Pick1_Count,Pick2,Pick2_Count,Pick3,Pick3_Count,CounteredBy1,CounteredBy1_Count,CounteredBy2,CounteredBy2_Count,CounteredBy3,CounteredBy3_Count,First Pick Rate
c2185,0.4988870359369296,0.4639016083676364,c1183,52617,c2124,49141,c5154,46946,c2007,32680,c2076,29864,c1133,27720,c1183,52617,c2124,49141,c5154,46946,0.23968328730167135
c2124,0.4723759187381287,0.4555713174902664,c2185,49141,c1183,47501,c6005,40945,c2131,42620,c5154,35541,c1183,35344,c2185,49141,c1183,47501,c6005,40945,0.04837365632603237
c5069,0.493078210307466,0.2429440568990359,c2124,29355,c1183,29322,c5154,25280,c1133,33339,c6005,22845,c2185,22207,c2124,29355,c1183,29322,c5154,25280,0.00101167466995159
c2001,0.5141005279649741,0.1618707341748162,c1183,14653,c5154,13890,c2124,13192,c2131,25852,c1183,14936,c5147,13862,c1183,14653,c5154,13890,c2124,13192,0.00050444384369487
c2007,0.5076303551079491,0.430031409293472,c1183,44215,c2131,39814,c6005,39449,c5154,33801,c1183,33599,c6005,32842,c1183,44215,c2131,39814,c6005,39449,0.01187254571348147
c2079,0.449083215796897,0.0272929202281981,c1183,3916,c2185,2124,c2124,1987,c6005,2603,c2124,2378,c1183,2214,c1183,3916,c2185,2124,c2124,1987,1.3934912809250552e-05
c2148,0.5363624321102133,0.2314589017616516,c1183,26011,c2124,24615,c5154,23092,c6005,25721,c2185,25256,c1133,22752,c1183,26011,c2124,24615,c5154,23092,0.0033220832137253317
c1133,0.4274273534935742,0.2847906000652154,c2124,33191,c1183,31136,c1117,28511,c5069,33339,c2185,27720,c2076,25372,c2124,33191,c1183,31136,c1117,28511,0.004453598133836476
c2024,0.5137542249525079,0.1239900671941495,c2186,17570,c1183,12926,c2007,11559,c6005,19876,c2185,18106,c1172,11121,c2186,17570,c1183,12926,c2007,11559,0.00032886394229831304
c2080,0.5163833075734158,0.0277249025252848,c1183,3616,c2186,3280,c2124,3191,c2185,6619,c2024,6011,c1172,3690,c1183,3616,c2186,3280,c2124,3191,5.852663379885232e-05
c2181,0.5362673031026253,0.1983606968571197,c1183,21590,c2007,16742,c2185,15524,c2124,16595,c1183,15963,c5154,14297,c1183,21590,c2007,16742,c2185,15524,0.05867155689206852
c1183,0.5040304226325949,0.5266059290267021,c2185,52617,c6005,51215,c2131,47715,c5154,52433,c2131,45324,c2124,35344,c2185,52617,c6005,51215,c2131,47715,0.06716906672314951
c1117,0.519137847725547,0.2284879783507194,c1133,28511,c2185,24227,c5069,23920,c2131,25979,c1183,25642,c5154,21853,c1133,28511,c2185,24227,c5069,23920,0.0005657574600555725
c2112,0.4864925206519312,0.0325631042526566,c1183,3761,c1133,3245,c5154,2547,c2007,3211,c2185,2672,c6005,2324,c1183,3761,c1133,3245,c5154,2547,0.0002926331689942616
c2127,0.4365000824674254,0.0585266337988523,c1183,6721,c2124,6246,c2131,6196,c1133,19899,c6005,5409,c5069,5253,c1183,6721,c2124,6246,c2131,6196,8.36094768555033e-06
c2110,0.4744228993536473,0.0194949430201415,c1183,2361,c1117,1930,c2131,1882,c1133,5138,c6005,2216,c2007,1814,c1183,2361,c1117,1930,c2131,1882,2.2295860494800884e-05
c5154,0.5372740112994351,0.4374977355766685,c2185,46946,c2131,42163,c6005,41872,c1183,52433,c2124,35541,c2007,33801,c2185,46946,c2131,42163,c6005,41872,0.09340572056040645
c1172,0.5617132200228881,0.1867919322428799,c1183,18632,c2131,18073,c2124,17663,c6005,21265,c2185,15881,c5154,14369,c1183,18632,c2131,18073,c2124,17663,0.00151333153108461
c2184,0.4761018153310958,0.1388446842488106,c2131,21436,c1183,15157,c2124,12127,c2124,13662,c1183,11470,c5154,9306,c2131,21436,c1183,15157,c2124,12127,0.00251664525335065
c2071,0.4839598897367264,0.0956659634180669,c1183,10938,c2131,9791,c1117,9378,c1183,12083,c5154,9860,c2124,8537,c1183,10938,c2131,9791,c1117,9378,8.360947685550332e-05
c1022,0.5141283959581291,0.0702180256458135,c2007,7236,c2185,6630,c6005,6440,c1183,8901,c2124,6727,c5154,6589,c2007,7236,c2185,6630,c6005,6440,0.00020902369213875827
c1176,0.49284390063033,0.1021791416651106,c2185,11455,c1183,9337,c2007,8393,c1183,13510,c5154,11094,c2124,8853,c2185,11455,c1183,9337,c2007,8393,0.0001867278316439574
c2129,0.4950608360438501,0.1058077929606394,c2185,13240,c1183,9428,c6005,9359,c2131,21652,c2124,13911,c1183,11300,c2185,13240,c1183,9428,c6005,9359,0.00015328404090175608
c2131,0.4905256279947728,0.455523938786715,c1183,47715,c5154,42163,c2185,41143,c1183,45324,c2124,42620,c1192,31117,c1183,47715,c5154,42163,c2185,41143,0.0779519022549476
c1060,0.4856734661481069,0.1188425104024124,c5154,29625,c1183,13557,c2131,10456,c1192,20977,c1183,12774,c2131,12429,c5154,29625,c1183,13557,c2131,10456,9.197042454105364e-05
c2082,0.4399582318134354,0.0103954449557009,c2124,1215,c2131,1101,c1183,1075,c2185,935,c1133,891,c6005,805,c2124,1215,c2131,1101,c1183,1075,8.918344197920354e-05
c5147,0.5013568521031208,0.2724498412813431,c2124,36944,c1183,28473,c6005,27349,c2185,26469,c1183,21984,c2131,21581,c2124,36944,c1183,28473,c6005,27349,0.0038822667086572038
c1168,0.4749746893695352,0.1947041757359724,c6005,18661,c2185,16849,c2007,16045,c1183,16202,c6005,15100,c2124,13504,c6005,18661,c2185,16849,c2007,16045,0.004016041871626009
c6050,0.4611728761775439,0.0447282831351324,c1183,5780,c2124,5421,c5154,4908,c1133,5578,c2185,4300,c6005,3592,c1183,5780,c2124,5421,c5154,4908,0.0001059053373503042
c6037,0.4927989981214777,0.1375041456365607,c2185,28373,c5147,12503,c2007,10350,c1183,15121,c2124,13474,c2131,13401,c2185,28373,c5147,12503,c2007,10350,0.0005769053903029728
c5033,0.4888641425389755,0.1026668636134343,c2185,10363,c6005,9509,c2124,8081,c1168,10500,c1133,9578,c2185,9094,c2185,10363,c6005,9509,c2124,8081,0.0012708640482036503
c1112,0.4977856510186005,0.0143055814899766,c1133,2397,c6005,1505,c5069,1182,c2185,1517,c2007,1034,c6005,953,c1133,2397,c6005,1505,c5069,1182,8.36094768555033e-06
c5110,0.4729016786570743,0.0268832337916061,c2185,3277,c1162,2495,c5147,2390,c1153,6699,c1183,2766,c5154,2106,c2185,3277,c1162,2495,c5147,2390,3.344379074220132e-05
c6017,0.4532163742690058,0.0263481331397309,c2066,4912,c1133,3659,c2148,2887,c1183,2982,c2124,2576,c5154,2075,c2066,4912,c1133,3659,c2148,2887,3.901775586590155e-05
c2009,0.5144017159491344,0.0921599393552594,c2185,15604,c2007,15268,c1183,7354,c2124,12252,c1183,11327,c5154,8552,c2185,15604,c2007,15268,c1183,7354,0.00018951481420580751
c2113,0.4743461602532067,0.0902982350039435,c2148,8813,c2131,8749,c2185,8196,c1183,10625,c5154,8633,c2124,8398,c2148,8813,c2131,8749,c2185,8196,0.0004319822970867671
c6024,0.5014470677837014,0.1595658995961662,c2131,16981,c1183,14598,c2185,14423,c1183,17569,c2124,15790,c2131,14958,c2131,16981,c1183,14598,c2185,14423,0.0006716627974058766
c1178,0.4479265590376701,0.1606695446906588,c6005,24534,c2007,20182,c2186,19550,c2185,20797,c1183,15021,c2124,12002,c6005,24534,c2007,20182,c2186,19550,6.131361636070243e-05
c1104,0.5448174957646696,0.062584480408906,c1183,13448,c6024,11734,c2124,5753,c2131,6817,c2185,6584,c2124,4819,c1183,13448,c6024,11734,c2124,5753,8.08224942936532e-05
c6005,0.5333354299012516,0.4324198533489776,c1183,51215,c2185,43588,c5154,41872,c2007,32842,c2148,25721,c2076,24913,c1183,51215,c2185,43588,c5154,41872,0.18391019227392694
c2128,0.419105280861083,0.022552262890491,c6005,2435,c1133,2036,c2185,1708,c1183,2588,c2124,2037,c5154,1889,c6005,2435,c1133,2036,c2185,1708,3.0656808180351213e-05
c1007,0.5189705356686922,0.0698612918778967,c2185,7924,c5033,7759,c1168,6369,c2024,8054,c6005,7658,c2185,6836,c2185,7924,c5033,7759,c1168,6369,0.0005629704774937223
c2019,0.3962108731466227,0.0041163732438526,c2181,649,c2131,359,c1183,309,c1183,712,c2131,399,c5154,393,c2181,649,c2131,359,c1183,309,2.5082843056650994e-05
c2066,0.5145354631132371,0.1381953173118995,c1183,20001,c5154,16424,c2124,13252,c2148,14398,c2185,12748,c6005,11555,c1183,20001,c5154,16424,c2124,13252,0.0004319822970867671
c2076,0.573929635456767,0.2924436541800558,c1183,29757,c2124,26732,c5154,24980,c2185,29864,c1133,25372,c6005,24913,c1183,29757,c2124,26732,c5154,24980,0.0005880533205503733
c2004,0.5238231917336394,0.0177920966748511,c5033,3343,c1007,3080,c2185,2214,c1007,2455,c2185,2318,c5033,2118,c5033,3343,c1007,3080,c2185,2214,1.9508877932950775e-05
c5046,0.4845008542836221,0.015264303491253,c6005,1974,c2124,1374,c2007,1311,c1133,3807,c2185,2090,c2148,1319,c6005,1974,c2124,1374,c2007,1311,8.36094768555033e-06
c1177,0.4809611077173691,0.0516845916095103,c2124,6422,c1183,6063,c2131,5711,c1168,7261,c2185,6792,c5147,5998,c2124,6422,c1183,6063,c2131,5711,8.918344197920354e-05
c4123,0.4974293688488468,0.068367469224745,c2185,8703,c1133,6792,c6005,6357,c2181,7074,c1117,7070,c1183,6173,c2185,8703,c1133,6792,c6005,6357,0.0001309881804069552
c1103,0.4459800086918731,0.0461245613986193,c5147,6349,c5069,5937,c6005,4526,c1183,5310,c2124,5170,c5154,3427,c5147,6349,c5069,5937,c6005,4526,6.131361636070243e-05
c2102,0.4408736349453978,0.0138234335067765,c2124,1795,c2076,1100,c6005,1061,c1133,2955,c2185,1552,c2007,1401,c2124,1795,c2076,1100,c6005,1061,2.7869825618501105e-06
c1126,0.4165029469548134,0.0016471066940534,c2181,314,c1183,156,c2124,148,c2007,171,c5154,154,c1183,135,c2181,314,c1183,156,c2124,148,8.36094768555033e-06
c5072,0.4822974036191975,0.0223627480762852,c1183,2914,c5154,2342,c2124,1910,c2124,1871,c2131,1688,c1183,1572,c1183,2914,c5154,2342,c2124,1910,0.0005239527216278208
c1091,0.4920312952767314,0.0284077132529381,c2024,6850,c6005,4243,c2185,4042,c1183,3255,c2186,2972,c2124,2802,c2024,6850,c6005,4243,c2185,4042,2.7869825618501105e-06
c5111,0.4636103151862464,0.0182881795708604,c2185,1805,c1183,1549,c2124,1407,c2007,1641,c6005,1625,c1183,1422,c2185,1805,c1183,1549,c2124,1407,0.0001337751629688053
c2103,0.4801202954314272,0.0742034107092591,c1183,8015,c2131,7825,c2007,7492,c2124,9782,c1183,6501,c6005,5911,c1183,8015,c2131,7825,c2007,7492,0.00032607695973646295
c1046,0.5090775527337601,0.0297371039349406,c1183,3226,c5154,3155,c6005,2476,c2148,3329,c2185,3252,c2007,3136,c1183,3226,c5154,3155,c6005,2476,0.00020623670957690819
c1020,0.5335195530726257,0.012251575341893,c5033,2252,c1007,2061,c2004,2032,c1007,1897,c5033,1594,c6005,1370,c5033,2252,c1007,2061,c2004,2032,5.573965123700221e-06
c1065,0.5244897959183673,0.0038237400748583,c2004,705,c5033,704,c1007,659,c1007,558,c5033,514,c2185,510,c2004,705,c5033,704,c1007,659,0.0
c2015,0.5120849933598938,0.01476264663012,c1133,3023,c2185,2176,c2148,1386,c2124,2312,c6005,1356,c2007,1080,c1133,3023,c2185,2176,c2148,1386,8.36094768555033e-06
c2074,0.347926267281106,0.001282011978451,c1183,149,c2124,124,c2131,114,c6005,126,c5154,86,c2076,78,c1183,149,c2124,124,c2131,114,5.29526686751521e-05
c1179,0.4857635893011217,0.0162648302309572,c1183,2314,c5154,1736,c1117,1717,c2185,1779,c6005,1760,c1133,1568,c1183,2314,c5154,1736,c1117,1717,2.2295860494800884e-05
c2132,0.4645476772616136,0.0074161605970831,c2185,980,c2124,719,c6005,568,c1168,1554,c1183,637,c6005,596,c2185,980,c2124,719,c6005,568,4.459172098960177e-05
c2046,0.5144334856867934,0.0263676420176638,c2181,2881,c1183,2876,c2131,2381,c2007,3138,c6005,2125,c2185,1861,c2181,2881,c1183,2876,c2131,2381,0.00017000593627285675
c2095,0.4246724890829694,0.0068922078754553,c5190,1096,c2007,746,c2076,705,c1183,822,c2124,689,c2131,568,c5190,1096,c2007,746,c2076,705,0.0
c1171,0.4859268555037648,0.03960302220389,c1183,4784,c5154,4136,c2185,3873,c2124,5960,c1183,4774,c5154,4097,c1183,4784,c5154,4136,c2185,3873,2.5082843056650994e-05
c1118,0.3732558139534884,0.0024943493928558,c2185,306,c6005,304,c5154,204,c1007,265,c2076,241,c2007,188,c2185,306,c6005,304,c5154,204,2.7869825618501105e-06
c2048,0.4882474226804124,0.0093809833031874,c2124,1208,c1183,1170,c5154,1106,c2185,1070,c1133,1049,c2007,957,c2124,1208,c1183,1170,c5154,1106,2.7869825618501105e-06
c1182,0.4914703493095044,0.0796157308443721,c2076,19506,c6005,11449,c1133,7116,c1183,7792,c2007,6468,c2185,6194,c2076,19506,c6005,11449,c1133,7116,9.197042454105364e-05
c5190,0.5230078281814532,0.1200158300609513,c1183,14093,c2131,13452,c2124,11278,c2007,18195,c5154,12321,c2076,11222,c1183,14093,c2131,13452,c2124,11278,0.0010702013037504423
c2016,0.4603616133518776,0.0076196103240982,c1133,1349,c6005,696,c5069,625,c2185,653,c2124,554,c2007,517,c1133,1349,c6005,696,c5069,625,1.672189537110066e-05
c2101,0.444274575752943,0.0217969906162297,c2131,3389,c1183,3313,c1192,2949,c2131,2490,c2124,2218,c1183,2137,c2131,3389,c1183,3313,c1192,2949,4.180473842775166e-05
c1180,0.36,0.0004431302273341,c1183,59,c2181,47,c5154,44,c2148,66,c2076,53,c2124,43,c1183,59,c2181,47,c5154,44,8.36094768555033e-06
c2012,0.4665386319988181,0.0554498050505697,c1183,6270,c2007,5863,c5154,4729,c2131,7532,c1183,4930,c2124,4644,c1183,6270,c2007,5863,c5154,4729,1.9508877932950775e-05
c1153,0.4927657351788979,0.1520800644350368,c2185,20308,c2007,12981,c5147,12868,c1183,20473,c5154,15840,c2124,14330,c2185,20308,c2007,12981,c5147,12868,3.344379074220132e-05
c1162,0.510873676248109,0.0482398811630635,c1153,8616,c6005,4722,c2185,3944,c1183,8080,c5147,4902,c2185,4266,c1153,8616,c6005,4722,c2185,3944,5.573965123700221e-06
c1148,0.5223985890652557,0.0143752560540228,c1073,2688,c6005,1416,c1183,1395,c1183,1304,c2131,1273,c2185,1224,c1073,2688,c6005,1416,c1183,1395,2.7869825618501105e-06
c5149,0.375,0.0030712547831588,c1183,317,c6005,282,c2124,269,c2131,413,c2148,370,c5033,340,c1183,317,c6005,282,c2124,269,0.0004598521227052682
c1014,0.4526129317980514,0.0034335625161993,c5033,528,c2185,491,c1007,447,c1007,614,c2024,462,c6005,418,c5033,528,c2185,491,c1007,447,2.7869825618501105e-06
c4004,0.5141370730603936,0.0135670311110863,c1183,2306,c2185,1439,c2007,1081,c5154,1633,c2131,1427,c2124,1317,c1183,2306,c2185,1439,c2007,1081,0.00032607695973646295
c2049,0.512112259970458,0.0256569614643921,c1060,2703,c6005,2511,c2131,2453,c1183,3547,c5154,3358,c2124,2752,c1060,2703,c6005,2511,c2131,2453,6.688758148440265e-05
c1034,0.4757969303423849,0.0246675826549353,c1183,3506,c2124,3132,c2186,2769,c6005,3747,c2024,3022,c2185,2346,c1183,3506,c2124,3132,c2186,2769,0.00012262723272140485
c2070,0.4466374269005848,0.004553929506063,c1117,679,c2131,443,c5154,439,c1183,534,c2124,467,c2131,462,c1117,679,c2131,443,c5154,439,5.573965123700221e-06
c5175,0.52594918081036,0.0402579631059248,c1153,10608,c1183,5491,c5154,4224,c2185,5220,c2007,3212,c6005,3024,c1153,10608,c1183,5491,c5154,4224,0.00016443197114915652
c1083,0.5186972255729795,0.003754065510812,c1176,1106,c1183,465,c5154,427,c2185,650,c1133,293,c2007,289,c1176,1106,c1183,465,c5154,427,0.0
c4144,0.3822441430332922,0.0026225505907009,c2185,335,c2007,332,c2131,202,c1183,258,c6005,247,c2007,176,c2185,335,c2007,332,c2131,202,3.344379074220132e-05
c1158,0.4102311854402361,0.0068949948580171,c1183,1744,c5033,603,c2131,579,c1133,1481,c2185,1071,c6005,709,c1183,1744,c5033,603,c2131,579,0.0
c1055,0.4072863148061653,0.0074691132657582,c1183,935,c2131,693,c2124,629,c2112,1179,c5154,575,c6005,560,c1183,935,c2131,693,c2124,629,2.5082843056650994e-05
c5128,0.44874528456618,0.0227529256349443,c1183,2671,c5154,2281,c2124,2113,c2066,2550,c6005,2046,c5147,1874,c1183,2671,c5154,2281,c2124,2113,7.246154660810288e-05
c5089,0.4420118343195266,0.0058470894147615,c1183,924,c2131,777,c2124,571,c2185,628,c6005,552,c2124,354,c1183,924,c2131,777,c2124,571,5.573965123700221e-06
c2111,0.3713490959666203,0.0028956748817622,c5110,350,c1192,345,c1153,313,c2131,280,c1183,273,c2185,265,c5110,350,c1192,345,c1153,313,2.7869825618501105e-06
c2050,0.3095238095238095,0.0003650947156023,c2124,41,c1183,37,c5154,34,c1183,55,c5154,29,c2185,28,c2124,41,c1183,37,c5154,34,1.1147930247400442e-05
c1106,0.2711864406779661,0.0003372248899838,c6005,37,c1183,36,c2124,29,c5069,39,c1183,33,c5154,26,c6005,37,c1183,36,c2124,29,2.5082843056650994e-05
c1163,0.4204119850187266,0.0435967682150212,c1117,5674,c1183,5178,c2131,4990,c2185,7607,c1133,5603,c2148,2982,c1117,5674,c1183,5178,c2131,4990,0.0008918344197920353
c4158,0.4946025515210991,0.0152587295261293,c2185,2297,c2007,1639,c1133,1536,c1183,1671,c5154,1441,c6005,1236,c2185,2297,c2007,1639,c1133,1536,0.0
c2047,0.320754716981132,0.000501656861133,c2131,51,c2185,50,c1183,49,c1183,70,c5154,38,c2124,36,c2131,51,c2185,50,c1183,49,2.7869825618501105e-06
c1159,0.3853503184713376,0.0009615089838382,c1183,87,c2131,86,c2186,75,c1183,110,c2124,84,c5154,78,c1183,87,c2131,86,c2186,75,8.36094768555033e-06
c1009,0.4615384615384615,0.0016415327289297,c2185,187,c1183,187,c2124,170,c5154,197,c4123,135,c1183,134,c2185,187,c1183,187,c2124,170,1.1147930247400442e-05
c1157,0.3220338983050847,0.0001839408490821,c1183,22,c2131,19,c2007,18,c6005,23,c1183,17,c2124,15,c1183,22,c2131,19,c2007,18,0.0
c2099,0.3745664739884393,0.0034279885510756,c1183,480,c2007,430,c5154,320,c1133,454,c6005,413,c2185,323,c1183,480,c2007,430,c5154,320,1.3934912809250552e-05
c1076,0.4454113924050633,0.0082327464877052,c2131,1014,c1183,759,c2066,698,c1183,959,c2124,702,c5154,637,c2131,1014,c1183,759,c2066,698,0.0001616449885873064
c1006,0.3442622950819672,0.0001978757618913,c5154,20,c2124,20,c2131,18,c2007,15,c1172,14,c6005,12,c5154,20,c2124,20,c2131,18,1.672189537110066e-05
c1128,0.364963503649635,0.0004013254889064,c1183,52,c2124,52,c2131,41,c1183,44,c6005,34,c2124,25,c1183,52,c2124,52,c2131,41,1.3934912809250552e-05
c1142,0.3242835595776772,0.0040857164356722,c1183,572,c2131,383,c5154,347,c1133,583,c2185,459,c6005,339,c1183,572,c2131,383,c5154,347,0.00030656808180351216
c1147,0.5,0.0008583906290498,c1183,120,c5154,112,c1117,92,c6005,93,c5147,92,c1172,84,c1183,120,c5154,112,c1117,92,0.0
c2090,0.4179734620024125,0.0061675924093742,c1183,940,c2124,713,c5154,648,c1133,1006,c5069,523,c6005,489,c1183,940,c2124,713,c5154,648,5.573965123700221e-06
c2022,0.3783783783783784,0.0003372248899838,c2181,48,c2007,28,c2124,28,c1183,62,c1153,38,c2071,28,c2181,48,c2007,28,c2124,28,2.7869825618501105e-06
c1150,0.4591644712081295,0.0102644567752939,c6005,1701,c2076,1530,c2185,980,c2185,1114,c1168,1068,c5033,920,c6005,1701,c2076,1530,c2185,980,2.7869825618501105e-06
c1137,0.3608247422680412,0.0003121420469272,c1073,53,c2185,34,c2007,25,c1183,40,c5154,31,c2131,29,c1073,53,c2185,34,c2007,25,2.7869825618501105e-06
c2088,0.3448275862068966,0.0013684084378684,c2185,117,c1183,113,c2124,113,c1183,130,c2124,113,c5154,99,c2185,117,c1183,113,c2124,113,2.7869825618501105e-06
c2125,0.4768842813112917,0.0109082497470813,c1133,1287,c2185,1143,c2131,970,c1193,1010,c2124,817,c2131,772,c1133,1287,c2185,1143,c2131,970,0.00010311835478845409
c1143,0.4742005101039827,0.0175719250524649,c1183,1811,c2131,1700,c2124,1419,c6005,1759,c1172,1567,c2007,1245,c1183,1811,c2131,1700,c2124,1419,5.016568611330199e-05
c1160,0.4211469534050179,0.0017557990139655,c1183,206,c2131,195,c5154,146,c2124,174,c1178,158,c1172,148,c1183,206,c2131,195,c5154,146,5.573965123700221e-05
c1161,0.3571428571428571,0.0002480414480046,c6005,25,c1192,25,c2131,22,c1183,33,c5154,21,c2131,21,c6005,25,c1192,25,c2131,22,2.7869825618501105e-06
c2073,0.3421052631578947,0.0005824793554266,c2066,80,c5154,76,c1183,50,c1183,74,c2124,68,c5154,43,c2066,80,c5154,76,c1183,50,0.0
c2002,0.4814692256783587,0.0103452792695876,c1168,1306,c6005,1031,c1183,947,c5154,1257,c1183,849,c2131,841,c1168,1306,c6005,1031,c1183,947,9.754438966475387e-05
c1173,0.442350332594235,0.0028204263525923,c5154,340,c2124,338,c2131,292,c1183,293,c5154,227,c2185,207,c5154,340,c2124,338,c2131,292,2.5082843056650994e-05
c1111,0.4195583596214511,0.0009420001059053,c2185,147,c2186,99,c6005,96,c2066,195,c1118,114,c1007,105,c2185,147,c2186,99,c6005,96,0.00016721895371100664
c6011,0.2692307692307692,0.0003511598027931,c1183,45,c6005,37,c2007,36,c1178,27,c6005,23,c5154,21,c1183,45,c6005,37,c2007,36,0.0
c5024,0.3568773234200743,0.0009336391582197,c1183,105,c2124,95,c2185,84,c2024,108,c2185,90,c6005,84,c1183,105,c2124,95,c2185,84,1.672189537110066e-05
c5009,0.5023236163920575,0.0088291607559411,c2185,1160,c2124,877,c2131,798,c1133,2039,c6005,786,c1153,678,c2185,1160,c2124,877,c2131,798,3.344379074220132e-05
c2020,0.4591836734693877,0.003048958922664,c5033,483,c1007,476,c2185,380,c1007,459,c5033,395,c2185,386,c5033,483,c1007,476,c2185,380,1.3934912809250552e-05
c1123,0.3333333333333333,3.344379074220132e-05,c1183,3,c2071,3,c1176,2,c5147,4,c6005,3,c5154,3,c1183,3,c2071,3,c1176,2,0.0
c2023,0.4588804422944022,0.0050834561928146,c2185,626,c2124,496,c5154,420,c1183,494,c5154,479,c6005,441,c2185,626,c2124,496,c5154,420,4.459172098960177e-05
c2106,0.4167171411265899,0.0054346159956077,c2185,706,c6005,469,c2007,437,c1183,552,c2124,462,c5154,397,c2185,706,c6005,469,c2007,437,6.967456404625276e-05
c2089,0.3942307692307692,0.0014993966182753,c2131,181,c1183,173,c5154,138,c6005,160,c5128,139,c2148,95,c2131,181,c1183,173,c5154,138,3.623077330405144e-05
c2069,0.5045126353790613,0.0041860478078988,c2124,447,c2185,400,c2131,390,c1133,1006,c6005,490,c2185,366,c2124,447,c2185,400,c2131,390,1.9508877932950775e-05
c2011,0.4437299035369775,0.0043950715000376,c1183,391,c2131,349,c2007,337,c6005,545,c2007,395,c1183,292,c1183,391,c2131,349,c2007,337,1.672189537110066e-05
c2027,0.5020080321285141,0.0007524852916995,c2007,93,c2124,89,c2131,84,c1133,167,c6024,92,c5112,91,c2007,93,c2124,89,c2131,84,2.5082843056650994e-05
c1038,0.4496815286624204,0.0026615683465668,c1183,290,c5154,245,c2007,237,c1133,382,c2185,300,c2148,251,c1183,290,c5154,245,c2007,237,5.852663379885232e-05
c6014,0.4941176470588235,0.0005685444426174,c2185,76,c1091,70,c5154,57,c2024,95,c5033,63,c6005,54,c2185,76,c1091,70,c5154,57,2.7869825618501105e-06
c1088,0.2307692307692307,7.524852916995298e-05,c1183,10,c2124,9,c2185,9,c2131,6,c2007,5,c2185,5,c1183,10,c2124,9,c2185,9,2.7869825618501105e-06
c6062,0.3911111111111111,0.0007719941696324,c2024,89,c2185,84,c6005,79,c1183,78,c2124,67,c5154,57,c2024,89,c2185,84,c6005,79,5.573965123700221e-06
c1131,0.4725085910652921,0.0078146991034277,c2185,1104,c2007,970,c6005,829,c5154,1215,c1183,1194,c1162,707,c2185,1104,c2007,970,c6005,829,2.7869825618501104e-05
c4051,0.28,6.967456404625276e-05,c2124,9,c2185,7,c2007,7,c1183,7,c5154,6,c2186,6,c2124,9,c2185,7,c2007,7,0.0
c1067,0.3902439024390244,0.0002368935177572,c6005,27,c1183,27,c2007,23,c1133,29,c2148,27,c2185,23,c6005,27,c1183,27,c2007,23,8.36094768555033e-06
c5001,0.4216216216216216,0.0005406746169989,c1183,74,c6005,59,c2131,57,c1171,60,c5154,59,c1076,48,c1183,74,c6005,59,c2131,57,1.672189537110066e-05
c2039,0.4179894179894179,0.0012123374144047,c2007,179,c2185,120,c2124,98,c1183,194,c2131,162,c1192,112,c2007,179,c2185,120,c2124,98,2.7869825618501105e-06
c2006,0.4193548387096774,0.0004152604017156,c2124,56,c2131,47,c1183,42,c1143,56,c1133,44,c1172,37,c2124,56,c2131,47,c1183,42,2.7869825618501105e-06
c1016,0.3385826771653543,0.000390177558659,c2131,49,c1183,44,c1117,39,c1133,70,c2007,27,c2185,25,c2131,49,c1183,44,c1117,39,0.0
c2109,0.3693430656934306,0.0022658168227841,c2185,238,c2007,229,c6005,186,c2124,278,c1183,276,c2131,209,c2185,238,c2007,229,c6005,186,1.672189537110066e-05
c6020,0.4742198100407055,0.0047852490586966,c1007,651,c2185,642,c5033,636,c5033,720,c1007,698,c2024,601,c1007,651,c2185,642,c5033,636,2.7869825618501105e-06
c1154,0.415929203539823,0.0006521539194729,c6005,68,c1183,64,c1133,57,c5046,106,c2185,96,c2076,51,c6005,68,c1183,64,c1133,57,0.0
c2126,0.4316877152698048,0.0026559943814431,c1183,274,c2124,248,c2181,235,c2131,251,c6005,209,c5154,208,c1183,274,c2124,248,c2181,235,1.672189537110066e-05
c1134,0.3828715365239294,0.0014213611065435,c2024,280,c2185,194,c6005,168,c1183,158,c2124,136,c2186,131,c2024,280,c2185,194,c6005,168,0.0
c2013,0.4322344322344322,0.0008806864895446,c2185,106,c2181,94,c6005,79,c1176,246,c1183,103,c2071,86,c2185,106,c2181,94,c6005,79,5.573965123700221e-06
c5082,0.34375,0.0007357633963284,c2007,71,c6005,71,c2131,62,c1183,113,c5154,75,c2124,67,c2007,71,c6005,71,c2131,62,5.573965123700221e-06
c1144,0.3824701195219123,0.0008862604546683,c6005,111,c2185,83,c2009,75,c1183,96,c2185,88,c2007,79,c6005,111,c2185,83,c2009,75,1.3934912809250552e-05
c1146,0.3523809523809524,0.0008333077859931,c1162,173,c5147,117,c2185,116,c1153,162,c2124,93,c1183,88,c1162,173,c5147,117,c2185,116,2.7869825618501105e-06
c2062,0.4323748668796592,0.0117666403761311,c2186,2948,c2007,1159,c1183,1129,c6005,1750,c2185,1180,c1183,804,c2186,2948,c2007,1159,c1183,1129,1.1147930247400442e-05
c1050,0.2241379310344827,0.0001700059362728,c1183,20,c2131,18,c5154,16,c1168,12,c2124,12,c5154,10,c1183,20,c2131,18,c5154,16,1.1147930247400442e-05
c2072,0.4094292803970223,0.0013405386122499,c1183,186,c2124,166,c5154,165,c2185,136,c6005,133,c1133,108,c1183,186,c2124,166,c5154,165,8.36094768555033e-06
c2043,0.3888888888888889,0.0006326450415399,c1133,183,c2076,64,c6005,53,c2007,71,c1183,54,c2185,45,c1133,183,c2076,64,c6005,53,0.0
c4005,0.4,0.0001504970583399,c1193,26,c6005,15,c2185,12,c1183,31,c5154,14,c2131,9,c1193,26,c6005,15,c2185,12,2.7869825618501105e-06
c2031,0.5197889182058048,0.0011008581119307,c2124,162,c2186,157,c1117,129,c1133,328,c2024,268,c1034,213,c2124,162,c2186,157,c1117,129,0.0
c1129,0.3571428571428571,0.0002703373084994,c2124,35,c5154,34,c1183,29,c2131,39,c1183,30,c2129,25,c2124,35,c5154,34,c1183,29,0.0
c5004,0.4147398843930636,0.0021431895900627,c1183,265,c2131,202,c2124,180,c2184,180,c2124,162,c1183,152,c1183,265,c2131,202,c2124,180,1.3934912809250552e-05
c2008,0.4225352112676056,0.0017920297872696,c1183,207,c2185,183,c2131,173,c5154,202,c1183,151,c1192,143,c1183,207,c2185,183,c2131,173,1.1147930247400442e-05
c5016,0.5647279549718575,0.0019787576189135,c1133,575,c2185,273,c2127,249,c6005,171,c2185,161,c2007,145,c1133,575,c2185,273,c2127,249,2.7869825618501105e-06
c1023,0.3405405405405405,0.0012374202574614,c2185,132,c6005,120,c2007,104,c2124,112,c6005,88,c1183,81,c2185,132,c6005,120,c2007,104,1.9508877932950775e-05
c1122,0.3026315789473684,0.0002424674828809,c1183,38,c5154,26,c5147,24,c2124,20,c6005,19,c2185,17,c1183,38,c5154,26,c5147,24,8.36094768555033e-06
c2091,0.4736842105263157,0.0027563257536697,c6024,625,c1183,467,c2124,279,c2185,456,c2024,240,c1133,210,c6024,625,c1183,467,c2124,279,0.0
c2038,0.3654320987654321,0.001206763449281,c1183,138,c2185,117,c2186,112,c1133,75,c6005,72,c5069,62,c1183,138,c2185,117,c2186,112,0.00017000593627285675
c3135,0.3125,0.0001393491280925,c1183,27,c6024,20,c2124,17,c5154,22,c6005,11,c2185,11,c1183,27,c6024,20,c2124,17,0.0
c2035,0.5,0.0001142662850358,c2185,27,c1133,18,c2007,10,c1099,24,c1109,23,c1046,17,c2185,27,c1133,18,c2007,10,0.0
c6003,0.4634760705289673,0.0011956155190336,c2185,147,c1183,113,c2007,106,c2124,101,c1183,95,c2131,82,c2185,147,c1183,113,c2007,106,4.180473842775166e-05
c1119,0.3150684931506849,0.0004626391052671,c1183,57,c2131,49,c5154,36,c1183,45,c2124,34,c6005,32,c1183,57,c2131,49,c5154,36,5.573965123700221e-06
c2065,0.3103448275862069,0.0001867278316439,c2185,21,c2007,19,c6005,19,c2124,18,c1183,16,c6005,14,c2185,21,c2007,19,c6005,19,0.0
c1102,0.3719512195121951,0.0006159231461688,c1183,57,c1133,53,c5009,53,c2124,68,c1183,61,c5154,46,c1183,57,c1133,53,c5009,53,0.0
c2165,0.3558282208588957,0.0010506924258174,c1153,168,c1183,145,c2131,105,c2007,94,c5154,89,c2185,88,c1153,168,c1183,145,c2131,105,1.1147930247400442e-05
c1151,0.4184782608695652,0.0006549409020347,c1183,106,c5154,86,c2181,83,c2131,58,c6005,52,c2185,50,c1183,106,c5154,86,c2181,83,2.7869825618501105e-06
c2017,0.25,3.901775586590155e-05,c2185,7,c5069,3,c2007,3,c1183,5,c2023,5,c5154,3,c2185,7,c5069,3,c2007,3,0.0
c1101,0.4516129032258064,0.0008667515767353,c2185,80,c1183,79,c2124,79,c4025,74,c5154,71,c2184,67,c2185,80,c1183,79,c2124,79,0.00040968643659196623
c2053,0.499432340379521,0.1182656050121094,c2185,19271,c2131,11910,c1183,11882,c1060,11507,c2124,11311,c1192,10050,c2185,19271,c2131,11910,c1183,11882,0.0027396038582986585
c1089,0.4429083461341526,0.0065549829854714,c5190,2137,c2007,1097,c5154,889,c2131,861,c1183,708,c2124,667,c5190,2137,c2007,1097,c5154,889,0.0
c1125,0.365079365079365,0.0001783668839584,c1168,19,c1183,19,c2185,18,c5033,24,c2148,22,c2185,14,c1168,19,c1183,19,c2185,18,0.0
c1155,0.4285714285714285,4.180473842775166e-05,c6005,4,c2148,4,c2181,4,c1183,6,c2124,5,c1180,4,c6005,4,c2148,4,c2181,4,2.7869825618501105e-06
c4003,0.0833333333333333,3.344379074220132e-05,c6005,5,c2185,4,c2131,4,c5154,4,c2007,4,c2185,4,c6005,5,c2185,4,c2131,4,2.7869825618501105e-06
c2085,0.3595505617977528,0.0005518225472463,c2185,92,c1172,51,c5154,51,c2124,67,c1183,60,c6037,50,c2185,92,c1172,51,c5154,51,0.0
c1109,0.4511904761904762,0.0028176393700304,c2124,408,c2131,375,c1183,368,c5154,291,c1183,265,c2131,219,c2124,408,c2131,375,c1183,368,5.573965123700221e-06
c1132,0.2826086956521739,0.000147710075778,c1183,25,c2181,18,c2131,17,c2124,21,c5154,10,c1183,10,c1183,25,c2181,18,c2131,17,2.7869825618501105e-06
c1156,0.4210526315789473,0.0002870592038705,c2007,36,c1183,32,c2185,32,c1183,35,c2124,26,c5154,25,c2007,36,c1183,32,c2185,32,5.573965123700221e-06
c4013,0.5357142857142857,8.639645941735342e-05,c2185,13,c5033,10,c1007,10,c6005,8,c2185,8,c2148,7,c2185,13,c5033,10,c1007,10,0.0
c1169,0.3947368421052631,0.000259189378252,c2124,36,c1183,34,c2131,32,c5147,33,c6005,27,c1168,25,c2124,36,c1183,34,c2131,32,0.0
c2014,0.3090909090909091,0.000167218953711,c6005,24,c2131,16,c2007,13,c1193,22,c1007,15,c2007,14,c6005,24,c2131,16,c2007,13,5.573965123700221e-06
c4035,0.2671755725190839,0.0003846035935353,c2131,38,c2185,35,c1183,34,c1183,54,c2007,28,c2124,24,c2131,38,c2185,35,c1183,34,2.2295860494800884e-05
c1115,0.0476190476190476,5.852663379885232e-05,c2007,7,c6005,6,c1172,5,c2124,5,c6037,5,c6024,5,c2007,7,c6005,6,c1172,5,1.672189537110066e-05
c1127,0.3768844221105528,0.0014241480891054,c2076,275,c2181,137,c1183,119,c1133,232,c2185,175,c2007,116,c2076,275,c2181,137,c1183,119,0.0
c1170,0.3168316831683168,0.0003177160120509,c2131,53,c1183,43,c5154,40,c1183,37,c2124,34,c5154,28,c2131,53,c1183,43,c5154,40,5.573965123700221e-06
c1047,0.4611111111111111,0.0005072308262567,c6005,55,c2124,52,c5154,51,c2007,81,c2129,44,c1183,41,c6005,55,c2124,52,c5154,51,0.0002396805003191095
c2042,0.3714285714285714,0.0006326450415399,c2185,83,c2024,79,c6005,78,c5154,65,c2124,57,c1183,53,c2185,83,c2024,79,c6005,78,2.7869825618501105e-06
c3123,0.35,7.80355117318031e-05,c2185,14,c1133,13,c2076,7,c1117,9,c6005,7,c2185,7,c2185,14,c1133,13,c2076,7,0.0
c1130,0.3539823008849557,0.0003511598027931,c1183,38,c5154,33,c2185,32,c1133,78,c6005,31,c2024,27,c1183,38,c5154,33,c2185,32,0.0
c2037,0.5099009900990099,0.0006521539194729,c1182,81,c1183,75,c2124,74,c2076,142,c2009,67,c2185,54,c1182,81,c1183,75,c2124,74,5.573965123700221e-06
c6065,0.4931506849315068,0.0002480414480046,c1183,27,c2124,27,c2181,26,c2126,64,c6005,24,c1183,23,c1183,27,c2124,27,c2181,26,0.0
c1141,0.4475524475524475,0.0004487041924578,c5154,57,c1183,53,c2124,41,c2131,46,c1179,42,c1183,39,c5154,57,c1183,53,c2124,41,8.36094768555033e-06
c1121,0.3176470588235294,0.0002675503259376,c2186,22,c6005,20,c2007,19,c1183,27,c2131,21,c2124,17,c2186,22,c6005,20,c2007,19,1.1147930247400442e-05
c1099,0.50625,0.0004932959134474,c1133,56,c2185,54,c6005,50,c1162,61,c1109,37,c1177,36,c1133,56,c2185,54,c6005,50,9.197042454105364e-05
c1100,0.3129251700680272,0.0004514911750197,c1183,73,c1192,46,c2131,38,c2131,46,c1162,43,c1183,38,c1183,73,c1192,46,c2131,38,2.7869825618501105e-06
c1114,0.2407407407407407,0.0001532840409017,c5154,14,c2131,13,c5069,13,c5154,15,c1183,15,c2124,14,c5154,14,c2131,13,c5069,13,5.573965123700221e-06
c2036,0.2285714285714285,0.0001003313722266,c1133,11,c2007,8,c1183,7,c2181,9,c1193,9,c1172,7,c1133,11,c2007,8,c1183,7,1.1147930247400442e-05
c2021,0.3636363636363636,3.344379074220132e-05,c2185,5,c2148,5,c2131,4,c1160,9,c1060,6,c2053,6,c2185,5,c2148,5,c2131,4,0.0
c1095,0.24,0.0002313195526335,c2186,35,c1183,25,c2181,23,c1133,22,c2185,21,c6005,19,c2186,35,c1183,25,c2181,23,2.7869825618501105e-06
c1070,0.3580246913580246,0.0002313195526335,c2007,29,c1183,23,c2185,23,c5154,21,c2124,17,c2131,15,c2007,29,c1183,23,c2185,23,1.9508877932950775e-05
c3064,0.5353535353535354,0.0002982071341179,c2185,36,c5033,31,c1168,26,c1007,30,c1073,30,c5033,28,c2185,36,c5033,31,c1168,26,0.0
c5070,0.4097222222222222,0.0004319822970867,c1183,44,c6005,38,c5154,34,c5154,40,c1183,38,c6005,27,c1183,44,c6005,38,c5154,34,8.36094768555033e-06
c6008,0.2352941176470588,5.016568611330199e-05,c2181,6,c1183,6,c2186,5,c5154,7,c1183,5,c2131,5,c2181,6,c1183,6,c2186,5,0.0
c1124,0.2857142857142857,6.131361636070243e-05,c5154,7,c2131,7,c2124,6,c1183,6,c6005,5,c1178,5,c5154,7,c2131,7,c2124,6,2.7869825618501105e-06
c3074,0.631578947368421,0.0001142662850358,c1168,16,c2185,16,c6005,14,c1046,24,c5033,19,c2007,13,c1168,16,c2185,16,c6005,14,0.0
c1074,0.3541666666666667,0.000147710075778,c2076,14,c2185,14,c1133,14,c5154,13,c1183,12,c2007,11,c2076,14,c2185,14,c1133,14,0.0
c5050,0.2727272727272727,0.0001560710234636,c2124,27,c5154,19,c2181,16,c1183,14,c5112,14,c2076,14,c2124,27,c5154,19,c2181,16,0.0
c1086,0.6,2.7869825618501104e-05,c5154,6,c2007,5,c2124,4,c2038,7,c1179,7,c2076,4,c5154,6,c2007,5,c2124,4,0.0
c1039,0.2222222222222222,2.7869825618501104e-05,c2124,4,c1183,3,c2001,3,c1183,3,c2007,3,c2038,2,c2124,4,c1183,3,c2001,3,0.0
c1096,0.3363636363636363,0.0003288639422983,c2131,36,c6005,33,c5154,31,c2007,38,c5147,36,c6005,29,c2131,36,c6005,33,c5154,31,5.573965123700221e-06
c5071,0.3472222222222222,0.0004236213494012,c6005,49,c2185,39,c2131,37,c1183,56,c2124,41,c5154,34,c6005,49,c2185,39,c2131,37,2.7869825618501105e-06
c1048,0.4666666666666667,9.475740710290376e-05,c2124,14,c1183,13,c5154,10,c1111,15,c2066,12,c1117,11,c2124,14,c1183,13,c5154,10,0.0
c1073,0.5123774431950533,0.1573781182851139,c2131,16635,c1183,15763,c2124,13349,c6005,15213,c2185,12205,c2007,10539,c2131,16635,c1183,15763,c2124,13349,0.0032106039112513272
c4042,0.3076923076923077,4.180473842775166e-05,c2131,9,c2185,5,c1183,4,c5154,6,c1193,6,c1183,5,c2131,9,c2185,5,c1183,4,0.0
c2032,0.2857142857142857,1.950887793295077e-05,c1133,4,c5069,4,c5154,3,c2124,3,c2184,2,c1117,2,c1133,4,c5069,4,c5154,3,5.573965123700221e-06
c1044,0.5,1.1147930247400442e-05,c6005,2,c1133,2,c2007,2,c1183,2,c2185,1,c2124,1,c6005,2,c1133,2,c2007,2,0.0
c3002,0.5714285714285714,4.459172098960177e-05,c2185,8,c6005,6,c5147,5,c1131,12,c5154,10,c1183,3,c2185,8,c6005,6,c5147,5,0.0
c1027,0.2641509433962264,0.0001504970583399,c5154,15,c1133,14,c1183,14,c1183,27,c5154,19,c1117,9,c5154,15,c1133,14,c1183,14,5.573965123700221e-06
c1094,0.5,1.1147930247400442e-05,c1176,2,c2071,2,c2184,1,c1117,2,c1168,2,c1183,1,c1176,2,c2071,2,c2184,1,0.0
c1066,0.4666666666666667,4.459172098960177e-05,c6005,5,c5154,5,c2131,5,c1183,7,c2185,5,c2124,3,c6005,5,c5154,5,c2131,5,5.573965123700221e-06
c2087,0.2,1.3934912809250552e-05,c5154,4,c2007,2,c2131,1,c1183,1,c5147,1,c2076,1,c5154,4,c2007,2,c2131,1,2.7869825618501105e-06
m0025,0.3333333333333333,8.36094768555033e-06,c2074,2,m0062,2,m0063,2,c2165,3,m0145,3,m0575,3,c2074,2,m0062,2,m0063,2,0.0
m0145,0.3333333333333333,8.36094768555033e-06,c2074,2,m0062,2,m0063,2,c2165,3,m0025,3,m0575,3,c2074,2,m0062,2,m0063,2,0.0
m0575,0.5,8.36094768555033e-06,c2074,2,m0062,2,m0063,2,c2165,3,m0025,3,m0145,3,c2074,2,m0062,2,m0063,2,0.0
m0144,0.0,8.36094768555033e-06,c2074,2,m0062,2,m0063,2,c2165,3,m0025,3,m0145,3,c2074,2,m0062,2,m0063,2,2.7869825618501105e-06
m0062,0.5,5.573965123700221e-06,c2165,2,m0025,2,m0145,2,c2074,2,m0063,2,m0061,2,c2165,2,m0025,2,m0145,2,0.0
m0063,0.4,1.3934912809250552e-05,c2165,2,m0025,2,m0145,2,c2074,2,m0062,2,m0061,2,c2165,2,m0025,2,m0145,2,0.0
m0061,0.5,5.573965123700221e-06,c2165,2,m0025,2,m0145,2,c2074,2,m0062,2,m0063,2,c2165,2,m0025,2,m0145,2,0.0
m0065,-1.0,5.573965123700221e-06,c2165,2,m0025,2,m0145,2,c2074,2,m0062,2,m0063,2,c2165,2,m0025,2,m0145,2,0.0
c1008,0.2884615384615384,0.000147710075778,c6005,18,c1183,14,c2185,14,c2124,17,c5154,13,c1183,13,c6005,18,c1183,14,c2185,14,2.2295860494800884e-05
c2054,0.0,1.1147930247400442e-05,c5190,2,c5154,2,c2007,1,c1133,2,c2046,1,c2080,1,c5190,2,c5154,2,c2007,1,0.0
m8041,0.3333333333333333,1.672189537110066e-05,c2186,2,c5154,2,c1153,2,c4144,1,c3053,1,c3152,1,c2186,2,c5154,2,c1153,2,2.7869825618501105e-06
c3053,0.5,8.36094768555033e-06,m0144,1,m0025,1,c2165,1,c4144,1,m8041,1,c3152,1,m0144,1,m0025,1,c2165,1,0.0
c3152,1.0,2.7869825618501105e-06,m0144,1,m0025,1,c2165,1,c4144,1,m8041,1,c3053,1,m0144,1,m0025,1,c2165,1,0.0
c3113,0.0,5.573965123700221e-06,m0144,1,m0025,1,c2165,1,c4144,1,m8041,1,c3053,1,m0144,1,m0025,1,c2165,1,0.0
c1019,0.4926470588235294,0.000390177558659,c2185,51,c6005,47,c1183,45,c5190,96,c1163,39,c2129,33,c2185,51,c6005,47,c1183,45,0.00015049705833990596
c1080,0.5483870967741935,9.197042454105364e-05,c1133,14,c1183,11,c2185,8,c1177,15,c1162,14,c5069,11,c1133,14,c1183,11,c2185,8,2.7869825618501105e-06
c4105,0.1764705882352941,5.29526686751521e-05,c2131,8,c2124,7,c2001,5,c1193,11,c2184,7,c2110,6,c2131,8,c2124,7,c2001,5,0.0
c1079,0.2631578947368421,5.852663379885232e-05,c2185,9,c2186,5,c1172,5,c2124,7,c5154,6,c1183,4,c2185,9,c2186,5,c1172,5,5.573965123700221e-06
c1093,0.25,1.1147930247400442e-05,c1133,2,c5033,2,c5154,2,c2185,3,c2124,2,c1183,2,c1133,2,c5033,2,c5154,2,2.7869825618501105e-06
c1082,0.25,1.3934912809250552e-05,c5154,3,c2131,3,c2001,2,c1183,2,c2185,2,c2007,2,c5154,3,c2131,3,c2001,2,0.0
c1032,0.0,2.7869825618501105e-06,c5154,1,c1183,1,c1117,1,c5072,1,c1182,1,c1009,1,c5154,1,c1183,1,c1117,1,0.0
c1030,0.1818181818181818,3.344379074220132e-05,c5154,4,c1117,4,c2185,3,c1183,4,c1168,3,c5154,3,c5154,4,c1117,4,c2185,3,2.7869825618501105e-06
c3026,0.2,1.672189537110066e-05,c2185,3,c2076,3,c1060,2,c2007,3,c5154,3,c1183,2,c2185,3,c2076,3,c1060,2,0.0
c1113,0.2,2.7869825618501104e-05,c2124,5,c1183,5,c5154,3,c2131,4,c5147,3,c2124,3,c2124,5,c1183,5,c5154,3,0.0
c3124,0.2666666666666666,4.459172098960177e-05,c1183,6,c2185,5,c2007,5,c5154,5,c2076,4,c1133,4,c1183,6,c2185,5,c2007,5,0.0
c1069,0.25,5.29526686751521e-05,c2131,9,c1183,6,c2007,6,c1183,7,c2124,5,c5154,4,c2131,9,c1183,6,c2007,6,0.0
c1081,0.5,2.2295860494800884e-05,c2131,3,c2124,3,c1168,3,c6005,3,c2181,3,c1183,3,c2131,3,c2124,3,c1168,3,0.0
c1017,0.0,3.901775586590155e-05,c6005,5,c1183,5,c1117,5,c2007,4,c1183,3,c5154,3,c6005,5,c1183,5,c1117,5,5.573965123700221e-06
c1136,0.3333333333333333,8.36094768555033e-06,c5154,1,c2124,1,c1103,1,c5147,1,c1060,1,c2079,1,c5154,1,c2124,1,c1103,1,2.7869825618501105e-06
c1140,0.2105263157894736,5.573965123700221e-05,c1183,15,c2186,6,c2007,5,c5154,8,c6005,8,c2148,6,c1183,15,c2186,6,c2007,5,2.7869825618501105e-06
c3134,0.3333333333333333,1.672189537110066e-05,c1133,3,c2131,3,c2181,2,c5190,3,c5154,3,c6005,2,c1133,3,c2131,3,c2181,2,0.0
c1110,0.5714285714285714,4.180473842775166e-05,c1183,7,c2181,7,c2113,5,c5190,8,c2007,7,c1172,6,c1183,7,c2181,7,c2113,5,2.7869825618501105e-06
c1087,0.2222222222222222,2.5082843056650997e-05,c5154,4,c6005,3,c1073,3,c5147,3,c2185,2,c6005,2,c5154,4,c6005,3,c1073,3,0.0
c4044,0.1818181818181818,3.344379074220132e-05,c5154,4,c2185,4,c1183,3,c1183,3,c6005,3,c5154,2,c5154,4,c2185,4,c1183,3,8.36094768555033e-06
c2186,0.6081162817071788,0.2003617503365281,c2185,21637,c6005,19629,c1178,19550,c1183,14441,c2124,14241,c2007,10381,c2185,21637,c6005,19629,c1178,19550,0.15321715332027167
c1054,0.0,5.573965123700221e-06,c2186,1,c5069,1,c2103,1,c1183,1,c5190,1,c6050,1,c2186,1,c5069,1,c2103,1,0.0
c1174,0.16,6.967456404625276e-05,c5069,9,c1183,9,c2186,8,c2131,10,c5154,8,c2124,6,c5069,9,c1183,9,c2186,8,1.9508877932950775e-05
c2010,0.238095238095238,6.410059892255254e-05,c5033,9,c6005,8,c2007,7,c1183,8,c2124,7,c5154,6,c5033,9,c6005,8,c2007,7,0.0
c3094,0.125,2.7869825618501104e-05,c2131,5,c1183,4,c2124,4,c2131,3,c4025,3,c2124,2,c2131,5,c1183,4,c2124,4,2.7869825618501105e-06
c4023,0.0,1.3934912809250552e-05,c1183,3,c2007,3,c1117,2,c2131,3,c2103,3,c2124,2,c1183,3,c2007,3,c1117,2,0.0
c1139,0.3333333333333333,6.688758148440265e-05,c1183,11,c5154,8,c6005,7,c2185,7,c5147,6,c5154,4,c1183,11,c5154,8,c6005,7,2.7869825618501105e-06
c1108,0.0,1.1147930247400442e-05,c2186,2,c2124,2,c5069,2,c1160,2,c2007,1,c1103,1,c2186,2,c2124,2,c5069,2,2.7869825618501105e-06
c1138,0.4166666666666667,7.246154660810288e-05,c6005,9,c2131,9,c1192,7,c1193,11,c2007,8,c2185,8,c6005,9,c2131,9,c1192,7,8.36094768555033e-06
c1024,0.0526315789473684,6.410059892255254e-05,c2186,9,c2131,8,c6037,6,c1183,6,c1177,6,c2185,5,c2186,9,c2131,8,c6037,6,2.7869825618501105e-06
c1042,0.5,3.0656808180351213e-05,c2185,8,c2124,4,c1133,3,c1117,4,c1183,3,c5154,3,c2185,8,c2124,4,c1133,3,0.0
c1011,0.0,8.36094768555033e-06,c1183,3,c5069,3,c6024,2,c6005,2,c2148,1,c6037,1,c1183,3,c5069,3,c6024,2,0.0
c1135,0.4193548387096774,8.639645941735342e-05,c1183,11,c2124,11,c6005,11,c1073,14,c1133,12,c2186,7,c1183,11,c2124,11,c6005,11,0.0
m1012,0.0,5.573965123700221e-06,c1183,2,c1176,2,c2124,1,m0063,1,c2024,1,c1133,1,c1183,2,c1176,2,c2124,1,2.7869825618501105e-06
c1116,0.4545454545454545,0.0003734556632879,c6005,47,c2131,40,c1183,37,c6024,61,c2124,59,c1183,29,c6005,47,c2131,40,c1183,37,0.0001282011978451051
c4041,0.0,1.950887793295077e-05,c1183,3,c2124,2,c1153,2,c2148,2,c1183,2,c5147,2,c1183,3,c2124,2,c1153,2,0.0
c1092,0.5,5.573965123700221e-06,c5147,2,c2007,2,c1183,1,c6005,1,c1103,1,c2012,1,c5147,2,c2007,2,c1183,1,2.7869825618501105e-06
m0202,0.25,1.1147930247400442e-05,c2124,2,c2186,2,c6005,2,c2185,2,c2007,2,c2046,1,c2124,2,c2186,2,c6005,2,0.0
c5112,0.485212298682284,0.0875307613200264,c1183,8510,c2124,8374,c2185,7629,c1183,8191,c6005,6935,c2185,6565,c1183,8510,c2124,8374,c2185,7629,0.0027089470501183073
c1072,0.0909090909090909,3.344379074220132e-05,c2131,5,c6005,4,c2007,3,c6005,4,c5147,4,c1183,3,c2131,5,c6005,4,c2007,3,8.36094768555033e-06
c1145,0.1428571428571428,3.901775586590155e-05,c2124,6,c1183,5,c5069,3,c2185,6,c2131,6,c1192,4,c2124,6,c1183,5,c5069,3,0.0
c3063,0.3333333333333333,8.36094768555033e-06,c1117,2,c6005,2,c2185,1,c5154,1,c1183,1,c1153,1,c1117,2,c6005,2,c2185,1,0.0
m0795,0.25,1.1147930247400442e-05,c2129,1,c2009,1,c2113,1,c5154,2,c2185,2,c2181,1,c2129,1,c2009,1,c2113,1,0.0
c1043,1.0,2.7869825618501105e-06,c2124,1,c1182,1,c6037,1,c1133,1,c4123,1,c2127,1,c2124,1,c1182,1,c6037,1,0.0
c4012,0.3333333333333333,8.36094768555033e-06,c6005,2,c1133,2,c2181,1,c2185,1,c1133,1,c5147,1,c6005,2,c1133,2,c2181,1,0.0
c4071,0.1666666666666666,1.950887793295077e-05,c2185,5,c6005,4,c2066,2,c2007,4,c1183,3,c5154,2,c2185,5,c6005,4,c2066,2,0.0
c0002,0.3142857142857143,0.0001059053373503,c1133,19,c1168,11,c2185,9,c2003,23,c2076,20,c1193,13,c1133,19,c1168,11,c2185,9,2.7869825618501105e-06
c2033,0.2,1.3934912809250552e-05,c6005,2,c1007,2,c2007,2,c2066,2,c2185,1,c1178,1,c6005,2,c1007,2,c2007,2,0.0
c1029,0.5,1.1147930247400442e-05,c6005,2,c2007,2,c5154,2,c5147,2,c2181,1,c1183,1,c6005,2,c2007,2,c5154,2,2.7869825618501105e-06
c3004,0.0,2.7869825618501105e-06,c2186,1,c2148,1,c1103,1,c6005,1,c1183,1,c2009,1,c2186,1,c2148,1,c1103,1,0.0
c3024,0.0,2.2295860494800884e-05,c2124,3,c2185,3,c2076,3,c2185,3,c5154,3,c1142,2,c2124,3,c2185,3,c2076,3,5.573965123700221e-06
c3153,0.0,2.7869825618501105e-06,c2186,1,c5154,1,c2124,1,c1183,1,c1168,1,c1177,1,c2186,1,c5154,1,c2124,1,0.0
c4052,0.0,2.7869825618501105e-06,c5147,1,c1183,1,c1178,1,c2186,1,c6005,1,c1168,1,c5147,1,c1183,1,c1178,1,0.0
c1071,0.0,1.3934912809250552e-05,c2186,3,c2148,2,c2185,2,c1177,2,c6005,2,c5147,2,c2186,3,c2148,2,c2185,2,0.0
c1004,0.0,8.36094768555033e-06,c2186,3,c2007,1,c2001,1,c6005,2,c2131,1,c1099,1,c2186,3,c2007,1,c2001,1,0.0
m0256,0.0,2.7869825618501105e-06,c2186,1,c2079,1,c2124,1,c5033,1,c1007,1,c1014,1,c2186,1,c2079,1,c2124,1,0.0
c3163,0.0,2.7869825618501105e-06,c2124,1,c2049,1,c1133,1,c5112,1,c2046,1,c1178,1,c2124,1,c2049,1,c1133,1,0.0
c1107,0.0,5.573965123700221e-06,c6005,2,c2185,1,c5147,1,c5154,1,c1183,1,c2128,1,c6005,2,c2185,1,c5147,1,0.0
c2003,0.3061224489795918,0.0003037810992416,c1133,47,c2186,27,c1183,25,c1193,46,c2024,41,c2076,40,c1133,47,c2186,27,c1183,25,1.672189537110066e-05
c1037,0.1111111111111111,2.7869825618501104e-05,c2124,5,c2007,3,c2185,2,c5154,4,c6005,4,c1091,3,c2124,5,c2007,3,c2185,2,5.573965123700221e-06
c3157,0.5,1.1147930247400442e-05,c6005,3,c6050,2,c5154,1,c5147,3,c5033,2,c2007,2,c6005,3,c6050,2,c5154,1,0.0
c3043,0.5,5.573965123700221e-06,c2185,2,c6005,1,c1133,1,c2007,1,c1131,1,c4158,1,c2185,2,c6005,1,c1133,1,0.0
c2086,0.0,2.7869825618501105e-06,c2186,1,c2131,1,c2066,1,c5112,1,c2124,1,c1117,1,c2186,1,c2131,1,c2066,1,0.0
m0574,0.3333333333333333,8.36094768555033e-06,c5154,2,c1192,2,c2124,1,c1183,2,c2131,2,c2066,1,c5154,2,c1192,2,c2124,1,0.0
c2028,0.2,1.3934912809250552e-05,c1183,2,c1133,2,c2076,2,c2184,3,c2186,2,c5069,2,c1183,2,c1133,2,c2076,2,0.0
c1152,0.3333333333333333,1.1147930247400442e-05,c5069,2,c1030,1,c1076,1,c1183,2,c2027,1,c2015,1,c5069,2,c1030,1,c1076,1,2.7869825618501105e-06
c3133,0.2,1.3934912809250552e-05,c2124,3,c1183,2,c2131,2,c2184,4,c5154,3,c2185,3,c2124,3,c1183,2,c2131,2,0.0
c4025,0.4685130744236422,0.0213482864237718,c2181,5822,c2124,2444,c1183,1465,c1183,3255,c2131,2979,c2124,1699,c2181,5822,c2124,2444,c1183,1465,8.36094768555033e-06
c1105,0.3333333333333333,8.36094768555033e-06,c2124,2,c1183,1,c5112,1,c1177,2,c2148,2,c2046,1,c2124,2,c1183,1,c5112,1,2.7869825618501105e-06
c3054,0.25,1.1147930247400442e-05,c1183,3,c1192,2,c1168,1,c5154,2,c2103,2,c2131,2,c1183,3,c1192,2,c1168,1,0.0
c1002,0.6666666666666666,8.36094768555033e-06,c2103,2,c2186,1,c1172,1,c2181,1,c6003,1,c1117,1,c2103,2,c2186,1,c1172,1,0.0
c1035,0.0,2.7869825618501105e-06,c1133,1,c2148,1,c2131,1,c2186,1,c1076,1,c1117,1,c1133,1,c2148,1,c2131,1,0.0
c3162,0.25,1.1147930247400442e-05,c6005,2,c2148,2,c2024,1,c2007,1,c5154,1,c1168,1,c6005,2,c2148,2,c2024,1,2.7869825618501105e-06
c1049,0.0,5.573965123700221e-06,c2076,2,c5154,1,c1176,1,c1183,1,c5069,1,c2071,1,c2076,2,c5154,1,c1176,1,0.0
c1192,0.5023419553089292,0.2060416207975786,c1183,21425,c2185,20817,c2131,20791,c2131,31117,c1183,22754,c1060,20977,c1183,21425,c2185,20817,c2131,20791,0.009021462552708808
c4103,0.4210526315789473,0.0001811538665202,c2007,28,c2131,23,c1192,17,c1073,15,c5154,15,c2112,15,c2007,28,c2131,23,c1192,17,0.0
c1062,0.3333333333333333,8.36094768555033e-06,c2124,2,c2185,1,c5069,1,c1133,2,c2185,2,c2148,1,c2124,2,c2185,1,c5069,1,0.0
m0561,0.5,5.573965123700221e-06,c2185,1,c5154,1,c5147,1,m0032,2,m0342,2,m0205,2,c2185,1,c5154,1,c5147,1,2.7869825618501105e-06
m0032,0.5,5.573965123700221e-06,c2185,1,c5154,1,c5147,1,m0561,2,m0342,2,m0205,2,c2185,1,c5154,1,c5147,1,0.0
m0342,0.5,5.573965123700221e-06,c2185,1,c5154,1,c5147,1,m0561,2,m0032,2,m0205,2,c2185,1,c5154,1,c5147,1,0.0
m0205,0.0,5.573965123700221e-06,c2185,1,c5154,1,c5147,1,m0561,2,m0032,2,m0342,2,c2185,1,c5154,1,c5147,1,0.0
c3073,0.3333333333333333,8.36094768555033e-06,m0561,1,m0032,1,m0342,1,c2087,1,c4025,1,c3015,1,m0561,1,m0032,1,m0342,1,0.0
c3015,-1.0,2.7869825618501105e-06,m0561,1,m0032,1,m0342,1,c2087,1,c3073,1,c4025,1,m0561,1,m0032,1,m0342,1,0.0
c2018,0.2,4.180473842775166e-05,c2186,8,c1183,7,c6037,7,c2038,13,c2184,11,c2090,11,c2186,8,c1183,7,c6037,7,0.0
c3041,0.0,2.7869825618501105e-06,c2186,1,c6037,1,c4144,1,m8041,1,c3073,1,c2074,1,c2186,1,c6037,1,c4144,1,0.0
c1166,0.0,5.573965123700221e-06,c2185,1,c5154,1,c1153,1,m8041,1,c3043,1,c2071,1,c2185,1,c5154,1,c1153,1,0.0
c1090,0.0,8.36094768555033e-06,c5154,3,c1183,2,c1176,2,c6005,2,c2185,1,c1163,1,c5154,3,c1183,2,c1176,2,0.0
c1012,0.2,1.3934912809250552e-05,c2185,3,c2024,2,c2181,2,c2053,3,c1192,2,c2110,2,c2185,3,c2024,2,c2181,2,0.0
c2005,0.1818181818181818,3.0656808180351213e-05,c2131,5,c1183,5,c1192,4,c1193,6,c2024,4,c2185,3,c2131,5,c1183,5,c1192,4,0.0
c2029,0.0,5.573965123700221e-06,c1183,2,c5154,2,c1046,1,c1133,1,c1117,1,c5069,1,c1183,2,c5154,2,c1046,1,2.7869825618501105e-06
c3011,0.0,5.573965123700221e-06,c4144,1,c3014,1,c3154,1,c3062,2,c5154,1,c3133,1,c4144,1,c3014,1,c3154,1,0.0
c3062,0.0,5.573965123700221e-06,c4144,1,c3014,1,c3154,1,c3011,2,c5154,1,c3133,1,c4144,1,c3014,1,c3154,1,0.0
c3014,0.3333333333333333,8.36094768555033e-06,c5154,2,c1183,2,c3133,1,c4144,1,c3154,1,c2054,1,c5154,2,c1183,2,c3133,1,0.0
c3154,1.0,2.7869825618501105e-06,c5154,1,c3133,1,c1074,1,c4144,1,c3014,1,c2054,1,c5154,1,c3133,1,c1074,1,0.0
c3160,0.3333333333333333,8.36094768555033e-06,c1074,2,c5154,1,c3133,1,c4144,1,c3014,1,c3154,1,c1074,2,c5154,1,c3133,1,2.7869825618501105e-06
c4143,0.0,2.7869825618501105e-06,c2124,1,c1060,1,c2071,1,c5154,1,c1183,1,c2066,1,c2124,1,c1060,1,c2071,1,0.0
c3121,0.0,5.573965123700221e-06,c1183,1,c2131,1,c2002,1,c2186,1,c1117,1,c5112,1,c1183,1,c2131,1,c2002,1,0.0
c3021,0.0,2.7869825618501105e-06,c5154,1,c2131,1,c5147,1,c2181,1,c2124,1,c1153,1,c5154,1,c2131,1,c5147,1,0.0
c3045,0.0,2.7869825618501105e-06,c2124,1,c2185,1,c1168,1,c3160,1,c3162,1,c3055,1,c2124,1,c2185,1,c1168,1,0.0
c3055,-1.0,2.7869825618501105e-06,c2124,1,c2185,1,c1168,1,c3160,1,c3162,1,c3045,1,c2124,1,c2185,1,c1168,1,0.0
c3025,0.0,2.7869825618501105e-06,c2124,1,c2185,1,c1168,1,c3160,1,c3162,1,c3045,1,c2124,1,c2185,1,c1168,1,0.0
c1015,0.0,1.1147930247400442e-05,c2076,2,c2124,2,c2185,1,c1168,2,c1046,1,c1088,1,c2076,2,c2124,2,c2185,1,0.0
c1193,0.4597489262079009,0.1695210013070948,c2131,19979,c1183,17464,c2124,13958,c6005,13373,c1183,12307,c5154,11953,c2131,19979,c1183,17464,c2124,13958,0.011058746805421238
c1097,0.0,8.36094768555033e-06,c1073,1,c5190,1,c6037,1,c1172,2,c4035,2,c2007,2,c1073,1,c5190,1,c6037,1,2.7869825618501105e-06
c3103,0.0,2.7869825618501105e-06,c2185,1,c2007,1,c5147,1,c1192,1,c1127,1,c3121,1,c2185,1,c2007,1,c5147,1,0.0
m8042,0.0,5.573965123700221e-06,c2186,1,c5033,1,c2185,1,c1034,1,c1007,1,c2024,1,c2186,1,c5033,1,c2185,1,0.0
c1053,0.0,2.7869825618501105e-06,c1193,1,c2184,1,c2053,1,c5154,1,c5190,1,c2007,1,c1193,1,c2184,1,c2053,1,0.0
c3151,0.0,5.573965123700221e-06,c2186,1,c2184,1,c1193,1,c1183,2,c1073,2,c1192,1,c2186,1,c2184,1,c1193,1,0.0
m8043,0.0,2.7869825618501105e-06,c1159,1,c1127,1,m0795,1,c4044,1,c2023,1,m8041,1,c1159,1,c1127,1,m0795,1,0.0
c1028,0.0,5.573965123700221e-06,c1183,2,c1172,2,c2131,1,c2186,1,c2181,1,c2124,1,c1183,2,c1172,2,c2131,1,0.0
c3132,1.0,2.7869825618501105e-06,c6005,1,c5147,1,c1133,1,c1183,1,c2131,1,c1117,1,c6005,1,c5147,1,c1133,1,0.0
c3104,0.0,2.7869825618501105e-06,c2181,1,c2131,1,c1192,1,c2007,1,c1183,1,c1073,1,c2181,1,c2131,1,c1192,1,0.0
c4065,0.5,5.573965123700221e-06,c1183,2,c5112,1,c1117,1,c1193,2,c6005,1,c1179,1,c1183,2,c5112,1,c1117,1,0.0
c3034,0.0,2.7869825618501105e-06,c1183,1,c1192,1,c1168,1,c6005,1,c2131,1,c2066,1,c1183,1,c1192,1,c1168,1,0.0
c3032,0.0,5.573965123700221e-06,c2131,1,c1192,1,c2053,1,c2185,2,c2124,1,c1143,1,c2131,1,c1192,1,c2053,1,0.0
m9033,1.0,2.7869825618501105e-06,c5154,1,c5069,1,c1133,1,c6005,1,c1073,1,c1060,1,c5154,1,c5069,1,c1133,1,0.0
c1031,0.25,1.1147930247400442e-05,c2131,3,c1183,2,c2076,2,c1192,3,c5154,2,c2124,2,c2131,3,c1183,2,c2076,2,0.0
c3125,0.4,1.3934912809250552e-05,c1073,3,c2186,2,c5154,2,c1183,3,c2124,3,c2131,2,c1073,3,c2186,2,c5154,2,0.0
c3164,1.0,5.573965123700221e-06,c2074,1,c3160,1,c3125,1,c1074,1,c4144,1,c3162,1,c2074,1,c3160,1,c3125,1,0.0
c3001,-1.0,2.7869825618501105e-06,c1074,1,c4144,1,c3164,1,c2074,1,c3160,1,c3125,1,c1074,1,c4144,1,c3164,1,0.0
c3102,0.0,2.7869825618501105e-06,c2131,1,c2184,1,c1183,1,c3062,1,c3011,1,c3091,1,c2131,1,c2184,1,c1183,1,0.0
c3091,0.0,2.7869825618501105e-06,c2131,1,c2184,1,c1183,1,c3102,1,c3062,1,c3011,1,c2131,1,c2184,1,c1183,1,0.0
m0572,0.0,2.7869825618501105e-06,c6005,1,c1168,1,c2024,1,c2181,1,c2131,1,c2124,1,c6005,1,c1168,1,c2024,1,0.0
c3061,0.0,2.7869825618501105e-06,c5147,1,c2148,1,c2024,1,c2124,1,c1183,1,c1153,1,c5147,1,c2148,1,c2024,1,0.0
