Hero,Rank,Win Rate,Equipment,Equipment Win Rate,Counters,Synergies
c0002,,31.43,"{'0': ['set_cri', 'set_speed'], '1': ['set_cri_dmg', 'set_max_hp'], '2': ['set_cri', 'set_cri_dmg'], '3': ['set_counter', 'set_cri'], '4': ['set_counter', 'set_immune']}","{'0': '43.51', '1': '35.02', '2': '42.17', '3': '38.89', '4': '63.16'}",[],[]
c1002,,66.67,"{'0': ['set_acc', 'set_speed'], '1': ['set_max_hp', 'set_speed'], '2': ['set_res', 'set_speed'], '3': ['set_immune', 'set_speed'], '4': ['set_immune', 'set_shield']}","{'0': '30.77', '1': '31.91', '2': '75', '3': '33.33', '4': '50'}",[],[]
c1004,,0.00,"{'0': [], '1': [], '2': [], '3': [], '4': []}","{'0': -1, '1': -1, '2': -1, '3': -1, '4': -1}",[],[]
c1006,,34.43,"{'0': ['set_cri', 'set_speed'], '1': ['set_speed', 'set_torrent'], '2': ['set_penetrate', 'set_speed'], '3': ['set_cri_dmg', 'set_penetrate'], '4': ['set_cri', 'set_cri_dmg']}","{'0': '37.68', '1': '35.87', '2': '30.51', '3': '52', '4': '28.13'}",[],[]
c1007,Ranking: 18 / 153,51.90,"{'0': ['set_cri', 'set_speed'], '1': ['set_speed', 'set_torrent'], '2': ['set_cri', 'set_cri_dmg'], '3': ['set_cri_dmg', 'set_torrent'], '4': ['set_cri']}","{'0': '50.52', '1': '56.29', '2': '54.17', '3': '62.86', '4': '39.29'}","['c1133', 'c1153', 'c1162']","['c6005', 'c1193', 'c2185']"
c1008,,28.85,"{'0': ['set_cri', 'set_def', 'set_max_hp'], '1': ['set_counter', 'set_def'], '2': ['set_max_hp', 'set_max_hp', 'set_max_hp'], '3': ['set_counter', 'set_immune'], '4': ['set_max_hp', 'set_shield']}","{'0': '43.94', '1': '62.96', '2': '32', '3': '66.67', '4': '36.84'}",[],[]
c1009,Ranking: 86 / 153,46.15,"{'0': ['set_immune', 'set_vampire'], '1': ['set_def', 'set_vampire'], '2': ['set_vampire'], '3': ['set_res', 'set_vampire'], '4': ['set_cri_dmg', 'set_penetrate']}","{'0': '36.7', '1': '50', '2': '28.57', '3': '40', '4': '66.67'}",[],[]
c1011,,0.00,"{'0': ['set_penetrate', 'set_speed'], '1': ['set_att', 'set_cri'], '2': ['set_cri', 'set_cri_dmg'], '3': ['set_acc', 'set_cri', 'set_cri'], '4': ['set_acc', 'set_cri']}","{'0': '18.18', '1': '50', '2': '0', '3': '0', '4': '0'}",[],[]
c1012,,20.00,"{'0': [], '1': [], '2': [], '3': [], '4': []}","{'0': -1, '1': -1, '2': -1, '3': -1, '4': -1}",[],[]
c1014,Ranking: 94 / 153,45.26,"{'0': ['set_penetrate', 'set_speed'], '1': ['set_cri', 'set_speed'], '2': ['set_speed'], '3': ['set_acc', 'set_speed'], '4': ['set_penetrate']}","{'0': '50.1', '1': '50.13', '2': '46.15', '3': '50', '4': '33.33'}","['c5033', 'c1168', 'c2185']","['c6005', 'c2024', 'c1007']"
c1015,,0.00,"{'0': [], '1': [], '2': [], '3': [], '4': []}","{'0': -1, '1': -1, '2': -1, '3': -1, '4': -1}",[],[]
c1016,,33.86,"{'0': ['set_penetrate', 'set_speed'], '1': ['set_cri', 'set_speed'], '2': ['set_cri_dmg', 'set_penetrate'], '3': ['set_speed', 'set_torrent'], '4': ['set_cri_dmg', 'set_torrent']}","{'0': '49.49', '1': '46.53', '2': '46.67', '3': '44.44', '4': '48.57'}",[],[]
c1017,,0.00,"{'0': [], '1': [], '2': [], '3': [], '4': []}","{'0': -1, '1': -1, '2': -1, '3': -1, '4': -1}",[],[]
c1019,,49.26,"{'0': ['set_counter', 'set_penetrate'], '1': ['set_counter', 'set_max_hp'], '2': ['set_counter'], '3': ['set_cri_dmg', 'set_penetrate'], '4': ['set_penetrate', 'set_speed']}","{'0': '48.27', '1': '46.39', '2': '45.9', '3': '50.54', '4': '52.33'}",[],[]
c1020,Ranking: 9 / 153,53.35,"{'0': ['set_cri', 'set_speed'], '1': ['set_penetrate', 'set_speed'], '2': ['set_cri_dmg', 'set_torrent'], '3': ['set_acc', 'set_speed'], '4': ['set_speed']}","{'0': '48.6', '1': '59.26', '2': '63.64', '3': '75', '4': '15.38'}","['c6005', 'c1168']","['c2185', 'c1168', 'c6005']"
c1022,Ranking: 25 / 153,51.41,"{'0': ['set_res', 'set_speed'], '1': ['set_max_hp', 'set_speed'], '2': ['set_max_hp', 'set_max_hp', 'set_res'], '3': ['set_max_hp', 'set_res', 'set_res'], '4': ['set_max_hp', 'set_max_hp', 'set_max_hp']}","{'0': '53.49', '1': '54.65', '2': '50.8', '3': '57.54', '4': '46.89'}","['c2009', 'c1178', 'c2012']","['c1117', 'c1172', 'c2185']"
c1023,Ranking: 152 / 153,34.05,"{'0': ['set_counter', 'set_res'], '1': ['set_counter', 'set_immune'], '2': ['set_penetrate', 'set_speed'], '3': ['set_counter', 'set_cri'], '4': ['set_cri', 'set_speed']}","{'0': '42.14', '1': '48.05', '2': '40.94', '3': '43.07', '4': '44.16'}",[],[]
c1024,,5.26,"{'0': [], '1': [], '2': [], '3': [], '4': []}","{'0': -1, '1': -1, '2': -1, '3': -1, '4': -1}",[],[]
c1027,,26.42,"{'0': ['set_counter', 'set_penetrate'], '1': ['set_cri', 'set_speed'], '2': ['set_counter', 'set_immune'], '3': ['set_penetrate', 'set_vampire'], '4': ['set_counter']}","{'0': '35', '1': '28.57', '2': '50', '3': '50', '4': '0'}",[],[]
c1028,,0.00,"{'0': [], '1': [], '2': [], '3': [], '4': []}","{'0': -1, '1': -1, '2': -1, '3': -1, '4': -1}",[],[]
c1029,,50.00,"{'0': [], '1': [], '2': [], '3': [], '4': []}","{'0': -1, '1': -1, '2': -1, '3': -1, '4': -1}",[],[]
c1030,,18.18,"{'0': ['set_cri', 'set_speed'], '1': ['set_speed', 'set_torrent'], '2': ['set_counter', 'set_cri'], '3': ['set_counter', 'set_max_hp'], '4': ['set_coop', 'set_counter']}","{'0': '49.04', '1': '54.55', '2': '29.41', '3': '60', '4': '11.76'}",[],[]
c1031,,25.00,"{'0': [], '1': [], '2': [], '3': [], '4': []}","{'0': -1, '1': -1, '2': -1, '3': -1, '4': -1}",[],[]
c1032,,0.00,"{'0': [], '1': [], '2': [], '3': [], '4': []}","{'0': -1, '1': -1, '2': -1, '3': -1, '4': -1}",[],[]
c1034,Ranking: 71 / 153,47.58,"{'0': ['set_cri', 'set_speed'], '1': ['set_speed', 'set_torrent'], '2': ['set_att', 'set_cri'], '3': ['set_cri_dmg', 'set_torrent'], '4': ['set_cri', 'set_cri_dmg']}","{'0': '46.96', '1': '59.05', '2': '29.33', '3': '53.57', '4': '46.43'}","['c2113', 'c6005', 'c2185']","['c6005', 'c2024', 'c1193']"
c1035,,0.00,"{'0': [], '1': [], '2': [], '3': [], '4': []}","{'0': -1, '1': -1, '2': -1, '3': -1, '4': -1}",[],[]
c1037,,11.11,"{'0': ['set_max_hp', 'set_max_hp', 'set_max_hp'], '1': ['set_res', 'set_speed'], '2': ['set_max_hp', 'set_speed'], '3': ['set_immune', 'set_max_hp', 'set_max_hp'], '4': ['set_max_hp', 'set_res', 'set_res']}","{'0': '47.06', '1': '41.38', '2': '33.33', '3': '46.15', '4': '50'}",[],[]
c1038,Ranking: 97 / 153,44.97,"{'0': ['set_penetrate', 'set_speed'], '1': ['set_cri_dmg', 'set_penetrate'], '2': ['set_att', 'set_cri'], '3': ['set_cri_dmg', 'set_torrent'], '4': ['set_cri', 'set_speed']}","{'0': '55.03', '1': '54.63', '2': '42.29', '3': '47.22', '4': '50'}",[],[]
c1039,,22.22,"{'0': ['set_cri', 'set_speed'], '1': ['set_speed'], '2': ['set_acc', 'set_speed'], '3': ['set_acc', 'set_cri_dmg'], '4': ['set_cri', 'set_vampire']}","{'0': '34.91', '1': '45.45', '2': '44.44', '3': '100', '4': '100'}",[],[]
c1042,,50.00,"{'0': ['set_max_hp', 'set_speed'], '1': ['set_counter', 'set_res'], '2': ['set_acc', 'set_speed'], '3': ['set_max_hp', 'set_max_hp', 'set_res'], '4': ['set_def', 'set_speed']}","{'0': '57.69', '1': '28.26', '2': '35', '3': '58.33', '4': '50'}",[],[]
c1043,,100.00,"{'0': [], '1': [], '2': [], '3': [], '4': []}","{'0': -1, '1': -1, '2': -1, '3': -1, '4': -1}",[],[]
c1044,,50.00,"{'0': ['set_acc', 'set_speed'], '1': ['set_penetrate', 'set_speed'], '2': ['set_speed'], '3': ['set_cri', 'set_speed'], '4': ['set_counter', 'set_cri']}","{'0': '23.53', '1': '25', '2': '20', '3': '40', '4': '0'}",[],[]
c1046,Ranking: 33 / 153,50.91,"{'0': [], '1': [], '2': [], '3': [], '4': []}","{'0': -1, '1': -1, '2': -1, '3': -1, '4': -1}","['c1133', 'c1153', 'c2186']","['c2076', 'c2148', 'c2186']"
c1047,,46.11,"{'0': ['set_cri', 'set_max_hp', 'set_penetrate'], '1': ['set_cri', 'set_speed'], '2': ['set_penetrate', 'set_speed'], '3': ['set_counter', 'set_cri'], '4': ['set_penetrate', 'set_vampire']}","{'0': '37.93', '1': '35.48', '2': '21.05', '3': '80', '4': '40'}",[],[]
c1048,,46.67,"{'0': ['set_acc', 'set_speed'], '1': ['set_speed'], '2': ['set_def', 'set_speed'], '3': ['set_cri', 'set_speed'], '4': ['set_acc', 'set_acc', 'set_acc']}","{'0': '50.68', '1': '40.43', '2': '33.33', '3': '14.29', '4': '50'}",[],[]
c1049,,0.00,"{'0': ['set_penetrate', 'set_speed'], '1': ['set_speed', 'set_torrent'], '2': ['set_cri_dmg', 'set_penetrate'], '3': ['set_cri', 'set_speed'], '4': ['set_penetrate']}","{'0': '28.57', '1': '0', '2': '0', '3': '0', '4': '0'}",[],[]
c1050,,22.41,"{'0': ['set_acc', 'set_speed'], '1': ['set_cri', 'set_speed'], '2': ['set_speed'], '3': ['set_acc', 'set_counter'], '4': ['set_res', 'set_speed']}","{'0': '37.4', '1': '27.05', '2': '30.77', '3': '57.14', '4': '60'}",[],[]
c1053,,0.00,"{'0': [], '1': [], '2': [], '3': [], '4': []}","{'0': -1, '1': -1, '2': -1, '3': -1, '4': -1}",[],[]
c1054,,0.00,"{'0': [], '1': [], '2': [], '3': [], '4': []}","{'0': -1, '1': -1, '2': -1, '3': -1, '4': -1}",[],[]
c1055,Ranking: 130 / 153,40.73,"{'0': ['set_speed', 'set_torrent'], '1': ['set_cri_dmg', 'set_torrent'], '2': ['set_cri', 'set_speed'], '3': ['set_cri', 'set_cri_dmg'], '4': ['set_cri_dmg', 'set_penetrate']}","{'0': '54.17', '1': '51.82', '2': '48.47', '3': '48.6', '4': '48.83'}","['c2131', 'c2007', 'c2124']","['c2112', 'c2185']"
c1060,Ranking: 61 / 153,48.57,"{'0': ['set_max_hp', 'set_speed'], '1': ['set_res', 'set_speed'], '2': ['set_immune', 'set_speed'], '3': ['set_speed'], '4': ['set_max_hp', 'set_max_hp', 'set_max_hp']}","{'0': '55.14', '1': '54.21', '2': '62.37', '3': '50.28', '4': '47.2'}","['c2186', 'c1192', 'c2012']","['c1192', 'c2053', 'c2186']"
c1062,,33.33,"{'0': [], '1': [], '2': [], '3': [], '4': []}","{'0': -1, '1': -1, '2': -1, '3': -1, '4': -1}",[],[]
c1065,Ranking: 12 / 153,52.45,"{'0': ['set_cri', 'set_speed'], '1': ['set_penetrate', 'set_speed'], '2': ['set_att', 'set_penetrate'], '3': ['set_coop', 'set_speed'], '4': ['set_acc', 'set_speed']}","{'0': '38.71', '1': '37.5', '2': '66.67', '3': '50', '4': '50'}",['c1168'],[]
c1066,,46.67,"{'0': ['set_cri_dmg', 'set_penetrate'], '1': ['set_penetrate', 'set_speed'], '2': ['set_counter', 'set_penetrate'], '3': ['set_counter', 'set_immune'], '4': ['set_cri', 'set_cri_dmg']}","{'0': '42.11', '1': '50', '2': '52.94', '3': '56.25', '4': '33.33'}",[],[]
c1067,,39.02,"{'0': ['set_max_hp', 'set_speed'], '1': ['set_penetrate', 'set_speed'], '2': ['set_res', 'set_speed'], '3': ['set_speed'], '4': ['set_counter']}","{'0': '33.33', '1': '33.33', '2': '50', '3': '100', '4': '100'}",[],[]
c1069,,25.00,"{'0': ['set_speed', 'set_torrent'], '1': ['set_cri_dmg', 'set_res'], '2': ['set_cri', 'set_cri_dmg'], '3': ['set_cri', 'set_speed'], '4': ['set_cri_dmg', 'set_penetrate']}","{'0': '43.55', '1': '26.14', '2': '41.18', '3': '33.33', '4': '100'}",[],[]
c1070,,35.80,"{'0': ['set_max_hp', 'set_speed'], '1': ['set_max_hp', 'set_shield'], '2': ['set_max_hp', 'set_revenge'], '3': ['set_max_hp', 'set_max_hp', 'set_max_hp'], '4': ['set_immune', 'set_speed']}","{'0': '51.26', '1': '58.03', '2': '47.21', '3': '43.9', '4': '42.75'}",[],[]
c1071,,0.00,"{'0': ['set_speed'], '1': ['set_cri', 'set_speed'], '2': ['set_cri', 'set_cri_dmg'], '3': ['set_acc', 'set_att'], '4': ['set_acc', 'set_speed']}","{'0': '46.15', '1': '33.33', '2': '20', '3': '25', '4': '100'}",[],[]
c1072,,9.09,"{'0': ['set_cri_dmg', 'set_penetrate'], '1': ['set_cri', 'set_rage'], '2': ['set_rage'], '3': ['set_att', 'set_cri'], '4': ['set_att']}","{'0': '43.55', '1': '10', '2': '25', '3': '25', '4': '33.33'}",[],[]
c1073,Ranking: 28 / 153,51.24,"{'0': ['set_cri', 'set_speed'], '1': ['set_speed'], '2': ['set_penetrate', 'set_speed'], '3': ['set_acc', 'set_speed'], '4': ['set_speed', 'set_torrent']}","{'0': '39.94', '1': '41.28', '2': '40.43', '3': '42.22', '4': '42.86'}","['c1046', 'c5112', 'c5033']","['c2186', 'c2125', 'c1172']"
c1074,,35.42,"{'0': ['set_penetrate', 'set_vampire'], '1': ['set_cri', 'set_vampire'], '2': ['set_immune', 'set_vampire'], '3': ['set_vampire'], '4': ['set_max_hp', 'set_vampire']}","{'0': '40.7', '1': '46.23', '2': '38.89', '3': '38.46', '4': '36.36'}",[],[]
c1076,Ranking: 103 / 153,44.54,"{'0': ['set_res', 'set_speed'], '1': ['set_max_hp', 'set_speed'], '2': ['set_speed'], '3': ['set_immune', 'set_speed'], '4': ['set_def', 'set_speed']}","{'0': '47.94', '1': '41.88', '2': '43.2', '3': '44.97', '4': '67.74'}","['c2007', 'c2185', 'c2124']",['c2124']
c1079,,26.32,"{'0': ['set_cri', 'set_speed'], '1': ['set_cri_dmg', 'set_penetrate'], '2': ['set_att', 'set_cri'], '3': ['set_penetrate', 'set_speed'], '4': ['set_penetrate']}","{'0': '29.03', '1': '31.03', '2': '24', '3': '42.86', '4': '45.45'}",[],[]
c1080,,54.84,"{'0': [], '1': [], '2': [], '3': [], '4': []}","{'0': -1, '1': -1, '2': -1, '3': -1, '4': -1}",[],[]
c1081,,50.00,"{'0': ['set_speed'], '1': ['set_acc', 'set_speed'], '2': ['set_cri', 'set_speed'], '3': ['set_penetrate', 'set_speed'], '4': ['set_acc']}","{'0': '53.15', '1': '52.14', '2': '43.9', '3': '20', '4': '100'}",[],[]
c1082,,25.00,"{'0': [], '1': [], '2': [], '3': [], '4': []}","{'0': -1, '1': -1, '2': -1, '3': -1, '4': -1}",[],[]
c1083,Ranking: 19 / 153,51.87,"{'0': [], '1': [], '2': [], '3': [], '4': []}","{'0': -1, '1': -1, '2': -1, '3': -1, '4': -1}",[],[]
c1086,,60.00,"{'0': [], '1': [], '2': [], '3': [], '4': []}","{'0': -1, '1': -1, '2': -1, '3': -1, '4': -1}",[],[]
c1087,,22.22,"{'0': [], '1': [], '2': [], '3': [], '4': []}","{'0': -1, '1': -1, '2': -1, '3': -1, '4': -1}",[],[]
c1088,,23.08,"{'0': ['set_cri', 'set_speed'], '1': ['set_att', 'set_cri'], '2': ['set_speed', 'set_torrent'], '3': ['set_speed'], '4': ['set_cri_dmg', 'set_torrent']}","{'0': '13.58', '1': '40', '2': '50', '3': '14.29', '4': '100'}",[],[]
c1089,Ranking: 106 / 153,44.29,"{'0': ['set_max_hp', 'set_speed'], '1': ['set_immune', 'set_speed'], '2': ['set_res', 'set_speed'], '3': ['set_cri', 'set_speed'], '4': ['set_acc', 'set_speed']}","{'0': '40.28', '1': '49.13', '2': '52.5', '3': '45.58', '4': '39.88'}","['c2007', 'c5190', 'c5154']","['c2007', 'c2076']"
c1090,,0.00,"{'0': ['set_res', 'set_speed'], '1': ['set_max_hp', 'set_speed'], '2': ['set_max_hp', 'set_max_hp', 'set_res'], '3': ['set_max_hp', 'set_max_hp', 'set_max_hp'], '4': ['set_def', 'set_speed']}","{'0': '32.54', '1': '40', '2': '66.67', '3': '50', '4': '0'}",[],[]
c1091,Ranking: 53 / 153,49.20,"{'0': ['set_res', 'set_speed'], '1': ['set_max_hp', 'set_speed'], '2': ['set_immune', 'set_speed'], '3': ['set_counter', 'set_res'], '4': ['set_max_hp', 'set_res', 'set_res']}","{'0': '46.52', '1': '46.59', '2': '47.09', '3': '46.9', '4': '41.13'}","['c5069', 'c2131', 'c1183']","['c6024', 'c1117', 'c2185']"
c1092,,50.00,"{'0': ['set_cri_dmg', 'set_penetrate'], '1': ['set_cri', 'set_speed'], '2': ['set_cri', 'set_cri_dmg'], '3': ['set_penetrate', 'set_speed'], '4': ['set_rage', 'set_torrent']}","{'0': '37.5', '1': '66.67', '2': '50', '3': '50', '4': '0'}",[],[]
c1093,,25.00,"{'0': ['set_cri', 'set_speed'], '1': ['set_cri', 'set_cri_dmg'], '2': ['set_att', 'set_penetrate'], '3': ['set_acc', 'set_cri_dmg'], '4': ['set_cri']}","{'0': '52.63', '1': '25', '2': '0', '3': '0', '4': '0'}",[],[]
c1094,,50.00,"{'0': ['set_acc', 'set_speed'], '1': ['set_speed'], '2': ['set_max_hp', 'set_speed'], '3': ['set_acc', 'set_scar'], '4': ['set_scar']}","{'0': '37.78', '1': '40.63', '2': '39.13', '3': '45.45', '4': '37.5'}",[],[]
c1095,,24.00,"{'0': ['set_cri', 'set_speed'], '1': ['set_penetrate', 'set_speed'], '2': ['set_cri_dmg', 'set_penetrate'], '3': ['set_cri_dmg'], '4': ['set_att', 'set_penetrate']}","{'0': '48.57', '1': '36.84', '2': '40', '3': '0', '4': '0'}",[],[]
c1096,,33.64,"{'0': ['set_penetrate', 'set_speed'], '1': ['set_cri', 'set_speed'], '2': ['set_speed', 'set_torrent'], '3': ['set_speed'], '4': ['set_penetrate', 'set_torrent']}","{'0': '50.98', '1': '40.94', '2': '51.56', '3': '58.7', '4': '60'}",[],[]
c1097,,0.00,"{'0': [], '1': [], '2': [], '3': [], '4': []}","{'0': -1, '1': -1, '2': -1, '3': -1, '4': -1}",[],[]
c1099,,50.62,"{'0': ['set_speed'], '1': ['set_acc', 'set_speed'], '2': ['set_max_hp', 'set_speed'], '3': ['set_cri', 'set_speed'], '4': ['set_speed', 'set_torrent']}","{'0': '46.7', '1': '39.68', '2': '33.33', '3': '42.86', '4': '66.67'}",[],[]
c1100,,31.29,"{'0': ['set_penetrate', 'set_scar'], '1': ['set_penetrate', 'set_speed'], '2': ['set_max_hp', 'set_speed'], '3': ['set_cri_dmg', 'set_penetrate'], '4': ['set_max_hp', 'set_scar']}","{'0': '49.97', '1': '53.1', '2': '57.46', '3': '54.66', '4': '51.5'}",[],[]
c1101,Ranking: 95 / 153,45.16,"{'0': ['set_counter', 'set_penetrate'], '1': ['set_counter', 'set_cri'], '2': ['set_counter', 'set_immune'], '3': ['set_counter', 'set_max_hp'], '4': ['set_immune', 'set_scar']}","{'0': '44.57', '1': '45.64', '2': '58.14', '3': '33.33', '4': '37.93'}",[],[]
c1102,,37.20,"{'0': ['set_max_hp', 'set_max_hp', 'set_max_hp'], '1': ['set_max_hp', 'set_speed'], '2': ['set_max_hp', 'set_max_hp', 'set_res'], '3': ['set_max_hp', 'set_shield'], '4': ['set_res', 'set_speed']}","{'0': '45.92', '1': '48.96', '2': '42.57', '3': '39.29', '4': '45.68'}",[],[]
c1103,Ranking: 102 / 153,44.60,"{'0': ['set_cri_dmg', 'set_penetrate'], '1': ['set_penetrate', 'set_speed'], '2': ['set_cri', 'set_cri_dmg'], '3': ['set_att', 'set_penetrate'], '4': ['set_cri', 'set_speed']}","{'0': '46.79', '1': '48.31', '2': '40.18', '3': '45.24', '4': '41.91'}","['c2079', 'c1073', 'c1172']","['c2186', 'c2076', 'c2181']"
c1104,Ranking: 5 / 153,54.48,"{'0': ['set_max_hp', 'set_speed'], '1': ['set_cri', 'set_speed'], '2': ['set_cri_dmg', 'set_max_hp'], '3': ['set_counter', 'set_max_hp'], '4': ['set_max_hp', 'set_max_hp', 'set_max_hp']}","{'0': '54.8', '1': '54.63', '2': '58.34', '3': '52.39', '4': '56.18'}","['c2009', 'c2186', 'c2053']","['c2186', 'c2076', 'c1172']"
c1105,,33.33,"{'0': ['set_speed'], '1': ['set_cri', 'set_speed'], '2': ['set_acc', 'set_speed'], '3': ['set_def', 'set_speed'], '4': ['set_res', 'set_speed']}","{'0': '52.17', '1': '43.48', '2': '53.33', '3': '0', '4': '0'}",[],[]
c1106,,27.12,"{'0': ['set_immune', 'set_speed'], '1': ['set_acc', 'set_speed'], '2': ['set_max_hp', 'set_speed'], '3': ['set_res', 'set_speed'], '4': ['set_res', 'set_vampire']}","{'0': '44.79', '1': '44.68', '2': '41.89', '3': '39.19', '4': '39.66'}",[],[]
c1107,,0.00,"{'0': [], '1': [], '2': [], '3': [], '4': []}","{'0': -1, '1': -1, '2': -1, '3': -1, '4': -1}",[],[]
c1108,,0.00,"{'0': ['set_cri_dmg', 'set_penetrate'], '1': ['set_penetrate', 'set_speed'], '2': ['set_cri', 'set_cri_dmg'], '3': ['set_att', 'set_torrent'], '4': ['set_cri', 'set_speed']}","{'0': '31.58', '1': '21.43', '2': '50', '3': '33.33', '4': '50'}",[],[]
c1109,Ranking: 96 / 153,45.12,"{'0': ['set_cri', 'set_speed'], '1': ['set_immune', 'set_speed'], '2': ['set_speed', 'set_torrent'], '3': ['set_penetrate', 'set_speed'], '4': ['set_speed']}","{'0': '41.06', '1': '56.67', '2': '50', '3': '44.44', '4': '30.77'}",['c2124'],[]
c1110,,57.14,"{'0': ['set_speed'], '1': ['set_acc', 'set_speed'], '2': ['set_max_hp', 'set_speed'], '3': ['set_acc', 'set_immune'], '4': ['set_def', 'set_res', 'set_res']}","{'0': '41.95', '1': '40.28', '2': '37.93', '3': '28.57', '4': '100'}",[],[]
c1111,Ranking: 120 / 153,41.96,"{'0': ['set_cri', 'set_speed'], '1': ['set_acc', 'set_speed'], '2': ['set_coop', 'set_speed'], '3': ['set_speed', 'set_torrent'], '4': ['set_acc', 'set_acc']}","{'0': '52.44', '1': '50.62', '2': '43.62', '3': '63.64', '4': '48.94'}",[],[]
c1112,Ranking: 45 / 153,49.78,"{'0': ['set_cri', 'set_speed'], '1': ['set_acc', 'set_speed'], '2': ['set_cri', 'set_cri_dmg'], '3': ['set_speed'], '4': ['set_speed', 'set_torrent']}","{'0': '47.92', '1': '45.69', '2': '44.37', '3': '41.25', '4': '54.63'}","['c2185', 'c2131', 'c2007']","['c2185', 'c5190', 'c2024']"
c1113,,20.00,"{'0': ['set_penetrate', 'set_speed'], '1': ['set_cri', 'set_speed'], '2': ['set_cri', 'set_cri_dmg'], '3': ['set_cri_dmg', 'set_penetrate'], '4': ['set_max_hp', 'set_speed']}","{'0': '62.5', '1': '36.11', '2': '50', '3': '62.5', '4': '40'}",[],[]
c1114,,24.07,"{'0': ['set_counter', 'set_immune'], '1': ['set_counter', 'set_cri'], '2': ['set_counter', 'set_penetrate'], '3': ['set_cri', 'set_rage'], '4': ['set_cri', 'set_cri_dmg']}","{'0': '44.36', '1': '43.51', '2': '50', '3': '44.26', '4': '52.17'}",[],[]
c1115,,4.76,"{'0': ['set_att', 'set_cri'], '1': ['set_cri', 'set_rage'], '2': ['set_cri', 'set_speed'], '3': ['set_penetrate', 'set_rage'], '4': ['set_cri', 'set_penetrate']}","{'0': '35.29', '1': '33.33', '2': '50', '3': '100', '4': '0'}",[],[]
c1116,,45.45,"{'0': ['set_max_hp', 'set_speed'], '1': ['set_res', 'set_speed'], '2': ['set_speed'], '3': ['set_immune', 'set_speed'], '4': ['set_res']}","{'0': '33.15', '1': '52.27', '2': '50', '3': '50', '4': '0'}",[],[]
c1117,Ranking: 17 / 153,51.91,"{'0': ['set_max_hp', 'set_speed'], '1': ['set_counter', 'set_max_hp'], '2': ['set_counter', 'set_immune'], '3': ['set_immune', 'set_scar'], '4': ['set_counter', 'set_cri']}","{'0': '58.2', '1': '50.6', '2': '48.8', '3': '48.29', '4': '50.63'}","['c2070', 'c2049', 'c2186']","['c1182', 'c5072', 'c5154']"
c1118,Ranking: 141 / 153,37.33,"{'0': ['set_cri', 'set_speed'], '1': ['set_speed'], '2': ['set_acc', 'set_speed'], '3': ['set_penetrate', 'set_speed'], '4': ['set_speed', 'set_torrent']}","{'0': '44.71', '1': '47.77', '2': '39.93', '3': '47.22', '4': '45.56'}",[],[]
c1119,,31.51,"{'0': ['set_penetrate', 'set_speed'], '1': ['set_cri', 'set_speed'], '2': ['set_speed'], '3': ['set_speed', 'set_torrent'], '4': ['set_immune', 'set_speed']}","{'0': '43.06', '1': '42.35', '2': '42.67', '3': '29.41', '4': '40'}",[],[]
c1121,,31.76,"{'0': ['set_immune', 'set_speed'], '1': ['set_penetrate', 'set_speed'], '2': ['set_cri', 'set_immune', 'set_penetrate'], '3': ['set_cri', 'set_speed'], '4': ['set_res', 'set_speed']}","{'0': '44.73', '1': '41.35', '2': '49.05', '3': '50.38', '4': '46.96'}",[],[]
c1122,,30.26,"{'0': ['set_penetrate', 'set_speed'], '1': ['set_cri', 'set_speed'], '2': ['set_cri_dmg', 'set_penetrate'], '3': ['set_counter', 'set_penetrate'], '4': ['set_penetrate', 'set_vampire']}","{'0': '48.67', '1': '47.37', '2': '41.82', '3': '38.64', '4': '28.13'}",[],[]
c1123,,33.33,"{'0': ['set_acc', 'set_speed'], '1': ['set_res', 'set_speed'], '2': ['set_max_hp', 'set_speed'], '3': ['set_counter'], '4': ['set_speed']}","{'0': '39.53', '1': '43.33', '2': '34.48', '3': '38.89', '4': '58.33'}",[],[]
c1124,,28.57,"{'0': ['set_penetrate', 'set_speed'], '1': ['set_att', 'set_max_hp'], '2': ['set_att', 'set_penetrate'], '3': ['set_att'], '4': ['set_att', 'set_res']}","{'0': '37.25', '1': '50', '2': '75', '3': '100', '4': '20'}",[],[]
c1125,,36.51,"{'0': ['set_speed'], '1': ['set_acc', 'set_speed'], '2': ['set_cri', 'set_speed'], '3': ['set_max_hp', 'set_speed'], '4': ['set_res', 'set_speed']}","{'0': '48.41', '1': '46.76', '2': '37.91', '3': '62.26', '4': '54.35'}",[],[]
c1126,Ranking: 125 / 153,41.65,"{'0': ['set_acc', 'set_speed'], '1': ['set_speed'], '2': ['set_res', 'set_speed'], '3': ['set_max_hp', 'set_speed'], '4': ['set_cri', 'set_speed']}","{'0': '48.38', '1': '47.98', '2': '36.36', '3': '58.18', '4': '31.11'}",[],[]
c1127,Ranking: 138 / 153,37.69,"{'0': ['set_cri', 'set_speed'], '1': ['set_penetrate', 'set_speed'], '2': ['set_cri_dmg', 'set_penetrate'], '3': ['set_cri', 'set_cri_dmg'], '4': ['set_immune', 'set_speed']}","{'0': '43.47', '1': '50.36', '2': '44.16', '3': '42.86', '4': '20'}",[],[]
c1128,,36.50,"{'0': ['set_speed', 'set_torrent'], '1': ['set_immune', 'set_speed'], '2': ['set_speed'], '3': ['set_penetrate', 'set_speed'], '4': ['set_att', 'set_torrent']}","{'0': '49.09', '1': '50', '2': '29.58', '3': '40.91', '4': '35'}",[],[]
c1129,,35.71,"{'0': ['set_res', 'set_vampire'], '1': ['set_def', 'set_vampire'], '2': ['set_cri', 'set_vampire'], '3': ['set_res', 'set_speed'], '4': ['set_immune', 'set_vampire']}","{'0': '44.37', '1': '45.85', '2': '46.12', '3': '58.75', '4': '55.38'}",[],[]
c1130,,35.40,"{'0': ['set_penetrate', 'set_speed'], '1': ['set_cri', 'set_speed'], '2': ['set_cri_dmg', 'set_penetrate'], '3': ['set_penetrate', 'set_rage'], '4': ['set_cri', 'set_cri_dmg']}","{'0': '51.74', '1': '41.25', '2': '45.83', '3': '53.19', '4': '48.84'}",[],[]
c1131,Ranking: 79 / 153,47.25,"{'0': ['set_max_hp', 'set_max_hp', 'set_max_hp'], '1': ['set_max_hp', 'set_speed'], '2': ['set_counter', 'set_max_hp'], '3': ['set_max_hp', 'set_revenge'], '4': ['set_immune', 'set_max_hp']}","{'0': '49.46', '1': '50.23', '2': '42.67', '3': '56.12', '4': '51.85'}","['c6005', 'c2007']","['c5154', 'c1162', 'c6005']"
c1132,,28.26,"{'0': ['set_acc', 'set_speed'], '1': ['set_acc', 'set_counter'], '2': ['set_res', 'set_speed'], '3': ['set_counter', 'set_res'], '4': ['set_counter', 'set_max_hp']}","{'0': '41.67', '1': '31.51', '2': '36.36', '3': '21.05', '4': '57.14'}",[],[]
c1133,Ranking: 115 / 153,42.74,"{'0': ['set_penetrate', 'set_speed'], '1': ['set_acc', 'set_speed'], '2': ['set_speed'], '3': ['set_cri', 'set_speed'], '4': ['set_speed', 'set_torrent']}","{'0': '45.7', '1': '46.37', '2': '43.11', '3': '42.4', '4': '45.68'}","['c1148', 'c1182', 'c1131']","['c5009', 'c2186', 'c5046']"
c1134,Ranking: 135 / 153,38.29,"{'0': ['set_penetrate', 'set_speed'], '1': ['set_penetrate', 'set_scar'], '2': ['set_cri', 'set_scar'], '3': ['set_cri', 'set_speed'], '4': ['set_cri', 'set_vampire']}","{'0': '52.22', '1': '54.66', '2': '51.78', '3': '52.99', '4': '49.19'}",[],[]
c1135,,41.94,"{'0': ['set_torrent', 'set_vampire'], '1': ['set_cri', 'set_vampire'], '2': ['set_penetrate', 'set_vampire'], '3': ['set_att', 'set_cri'], '4': ['set_cri_dmg', 'set_torrent']}","{'0': '50.91', '1': '61.9', '2': '45.45', '3': '30.77', '4': '66.67'}",[],[]
c1136,,33.33,"{'0': [], '1': [], '2': [], '3': [], '4': []}","{'0': -1, '1': -1, '2': -1, '3': -1, '4': -1}",[],[]
c1137,,36.08,"{'0': ['set_def', 'set_speed'], '1': ['set_counter', 'set_def'], '2': ['set_res', 'set_speed'], '3': ['set_counter', 'set_res'], '4': ['set_speed']}","{'0': '51.74', '1': '51.7', '2': '50.44', '3': '53.05', '4': '47.93'}",[],[]
c1138,,41.67,"{'0': [], '1': [], '2': [], '3': [], '4': []}","{'0': -1, '1': -1, '2': -1, '3': -1, '4': -1}",[],[]
c1139,,33.33,"{'0': ['set_cri', 'set_speed'], '1': ['set_acc', 'set_speed'], '2': ['set_speed'], '3': ['set_max_hp', 'set_speed'], '4': ['set_cri', 'set_vampire']}","{'0': '40.2', '1': '37', '2': '33.33', '3': '50', '4': '66.67'}",[],[]
c1140,,21.05,"{'0': ['set_speed'], '1': ['set_immune', 'set_speed'], '2': ['set_res', 'set_speed'], '3': ['set_acc', 'set_speed'], '4': ['set_cri', 'set_speed']}","{'0': '53.75', '1': '100', '2': '16.67', '3': '50', '4': '0'}",[],[]
c1141,,44.76,"{'0': ['set_acc', 'set_speed'], '1': ['set_speed'], '2': ['set_max_hp', 'set_speed'], '3': ['set_acc', 'set_att'], '4': ['set_immune', 'set_speed']}","{'0': '41.4', '1': '35.14', '2': '37.5', '3': '22.22', '4': '50'}",[],[]
c1142,Ranking: 153 / 153,32.43,"{'0': ['set_cri', 'set_speed'], '1': ['set_penetrate', 'set_speed'], '2': ['set_speed'], '3': ['set_speed', 'set_torrent'], '4': ['set_acc', 'set_speed']}","{'0': '47.79', '1': '51.44', '2': '47.31', '3': '46.72', '4': '54.96'}","['c1183', 'c2131']",[]
c1143,Ranking: 76 / 153,47.42,"{'0': ['set_res', 'set_speed'], '1': ['set_speed'], '2': ['set_max_hp', 'set_speed'], '3': ['set_cri', 'set_speed'], '4': ['set_acc', 'set_speed']}","{'0': '45.73', '1': '41.09', '2': '36.46', '3': '45.83', '4': '64.29'}","['c6037', 'c6005', 'c1133']","['c1172', 'c6005', 'c1007']"
c1144,Ranking: 136 / 153,38.25,"{'0': ['set_max_hp', 'set_speed'], '1': ['set_acc', 'set_speed'], '2': ['set_penetrate', 'set_speed'], '3': ['set_cri', 'set_speed'], '4': ['set_speed']}","{'0': '43.59', '1': '45.93', '2': '49.43', '3': '46.84', '4': '42.34'}",[],[]
c1145,,14.29,"{'0': ['set_max_hp', 'set_max_hp', 'set_max_hp'], '1': ['set_counter', 'set_max_hp'], '2': ['set_penetrate', 'set_speed'], '3': ['set_counter', 'set_penetrate'], '4': ['set_max_hp', 'set_speed']}","{'0': '33.96', '1': '44.44', '2': '56.76', '3': '29.85', '4': '22.08'}",[],[]
c1146,Ranking: 148 / 153,35.24,"{'0': ['set_cri_dmg', 'set_penetrate'], '1': ['set_cri', 'set_speed'], '2': ['set_cri', 'set_cri_dmg'], '3': ['set_penetrate', 'set_speed'], '4': ['set_cri_dmg', 'set_torrent']}","{'0': '47.12', '1': '38.83', '2': '42.72', '3': '39.47', '4': '46.15'}",[],[]
c1147,Ranking: 42 / 153,50.00,"{'0': ['set_acc', 'set_speed'], '1': ['set_max_hp', 'set_speed'], '2': ['set_immune', 'set_speed'], '3': ['set_res', 'set_revenge'], '4': ['set_acc', 'set_shield']}","{'0': '44.78', '1': '40.74', '2': '68.75', '3': '40.63', '4': '69.23'}",[],[]
c1148,Ranking: 15 / 153,52.24,"{'0': ['set_res', 'set_speed'], '1': ['set_res', 'set_res', 'set_res'], '2': ['set_counter', 'set_res'], '3': ['set_acc', 'set_speed'], '4': ['set_speed']}","{'0': '44.88', '1': '45.88', '2': '47.41', '3': '38.81', '4': '48.12'}","['c2185', 'c5154', 'c2071']","['c2185', 'c5154', 'c2124']"
c1150,Ranking: 91 / 153,45.92,"{'0': ['set_acc', 'set_speed'], '1': ['set_cri', 'set_speed'], '2': ['set_speed'], '3': ['set_penetrate', 'set_speed'], '4': ['set_immune', 'set_speed']}","{'0': '51.73', '1': '50.44', '2': '55.1', '3': '52.85', '4': '58.17'}","['c2007', 'c1168', 'c2185']","['c2186', 'c1168', 'c2185']"
c1151,,41.85,"{'0': ['set_acc', 'set_speed'], '1': ['set_speed'], '2': ['set_cri', 'set_speed'], '3': ['set_immune', 'set_speed'], '4': ['set_res', 'set_speed']}","{'0': '45.96', '1': '48.28', '2': '51.84', '3': '55.05', '4': '49.8'}",[],[]
c1152,,33.33,"{'0': ['set_counter', 'set_cri'], '1': ['set_att', 'set_penetrate'], '2': ['set_cri_dmg', 'set_penetrate'], '3': ['set_cri', 'set_cri_dmg'], '4': ['set_cri']}","{'0': '30.56', '1': '42.86', '2': '50', '3': '20', '4': '50'}",[],[]
c1153,Ranking: 52 / 153,49.28,"{'0': ['set_cri_dmg', 'set_max_hp'], '1': ['set_max_hp', 'set_scar'], '2': ['set_cri', 'set_cri_dmg'], '3': ['set_cri', 'set_scar'], '4': ['set_acc', 'set_scar']}","{'0': '54.05', '1': '57.86', '2': '52.88', '3': '55.32', '4': '55.21'}","['c2186', 'c2113', 'c2127']","['c2186', 'c2181', 'c2009']"
c1154,Ranking: 126 / 153,41.59,"{'0': ['set_acc', 'set_speed'], '1': ['set_max_hp', 'set_speed'], '2': ['set_speed'], '3': ['set_immune', 'set_speed'], '4': ['set_cri', 'set_speed']}","{'0': '41', '1': '40.61', '2': '31.91', '3': '38.71', '4': '51.61'}",[],[]
c1155,,42.86,"{'0': ['set_acc', 'set_speed'], '1': ['set_max_hp', 'set_speed'], '2': ['set_max_hp', 'set_max_hp', 'set_max_hp'], '3': ['set_speed'], '4': ['set_acc', 'set_counter']}","{'0': '28.38', '1': '24.24', '2': '66.67', '3': '31.82', '4': '57.14'}",[],[]
c1156,,42.11,"{'0': ['set_max_hp', 'set_speed'], '1': ['set_max_hp', 'set_shield'], '2': ['set_counter', 'set_max_hp'], '3': ['set_immune', 'set_shield'], '4': ['set_max_hp', 'set_max_hp', 'set_max_hp']}","{'0': '50.34', '1': '59.61', '2': '51.02', '3': '64.64', '4': '55.97'}",[],[]
c1157,,32.20,"{'0': ['set_penetrate', 'set_speed'], '1': ['set_cri', 'set_speed'], '2': ['set_speed'], '3': ['set_speed', 'set_torrent'], '4': ['set_cri_dmg', 'set_penetrate']}","{'0': '47.44', '1': '43.83', '2': '40.89', '3': '42.36', '4': '48.39'}",[],[]
c1158,Ranking: 128 / 153,41.02,"{'0': ['set_cri_dmg', 'set_penetrate'], '1': ['set_cri_dmg', 'set_torrent'], '2': ['set_coop', 'set_vampire'], '3': ['set_penetrate', 'set_speed'], '4': ['set_cri', 'set_speed']}","{'0': '38.52', '1': '50', '2': '25', '3': '30', '4': '37.5'}","['c2007', 'c1183', 'c1117']",[]
c1159,Ranking: 134 / 153,38.54,"{'0': ['set_max_hp', 'set_speed'], '1': ['set_speed'], '2': ['set_immune', 'set_speed'], '3': ['set_res', 'set_speed'], '4': ['set_max_hp', 'set_max_hp', 'set_max_hp']}","{'0': '50.12', '1': '50.72', '2': '55.37', '3': '49', '4': '36.36'}",[],[]
c1160,Ranking: 118 / 153,42.11,"{'0': ['set_immune', 'set_speed'], '1': ['set_acc', 'set_speed'], '2': ['set_res', 'set_speed'], '3': ['set_immune', 'set_res', 'set_res'], '4': ['set_res', 'set_res', 'set_res']}","{'0': '51.61', '1': '26.92', '2': '20', '3': '100', '4': '100'}",[],[]
c1161,,35.71,"{'0': ['set_cri', 'set_vampire'], '1': ['set_penetrate', 'set_vampire'], '2': ['set_cri_dmg', 'set_penetrate'], '3': ['set_counter', 'set_cri'], '4': ['set_immune', 'set_vampire']}","{'0': '43.52', '1': '45.87', '2': '48.91', '3': '44.88', '4': '40.29'}",[],[]
c1162,Ranking: 31 / 153,51.09,"{'0': ['set_max_hp', 'set_speed'], '1': ['set_max_hp', 'set_max_hp', 'set_max_hp'], '2': ['set_max_hp', 'set_max_hp', 'set_res'], '3': ['set_res', 'set_speed'], '4': ['set_immune', 'set_speed']}","{'0': '53.14', '1': '51.99', '2': '52.42', '3': '51.3', '4': '57.55'}","['c1176', 'c5147', 'c2071']","['c5154', 'c1177', 'c2186']"
c1163,Ranking: 119 / 153,42.04,"{'0': ['set_res', 'set_speed'], '1': ['set_speed'], '2': ['set_max_hp', 'set_speed'], '3': ['set_immune', 'set_speed'], '4': ['set_cri', 'set_speed']}","{'0': '48.8', '1': '51.9', '2': '49.49', '3': '49.48', '4': '58.86'}","['c2185', 'c5154', 'c1168']","['c2186', 'c2148', 'c1046']"
c1166,,0.00,"{'0': [], '1': [], '2': [], '3': [], '4': []}","{'0': -1, '1': -1, '2': -1, '3': -1, '4': -1}",[],[]
c1168,Ranking: 72 / 153,47.50,"{'0': [], '1': [], '2': [], '3': [], '4': []}","{'0': -1, '1': -1, '2': -1, '3': -1, '4': -1}","['c2127', 'c4004', 'c5110']","['c2186', 'c1020', 'c1150']"
c1169,,39.47,"{'0': [], '1': [], '2': [], '3': [], '4': []}","{'0': -1, '1': -1, '2': -1, '3': -1, '4': -1}",[],[]
c1170,,31.68,"{'0': ['set_cri_dmg', 'set_penetrate'], '1': ['set_cri_dmg', 'set_max_hp'], '2': ['set_max_hp', 'set_speed'], '3': ['set_penetrate', 'set_speed'], '4': ['set_cri', 'set_cri_dmg']}","{'0': '44.75', '1': '42.75', '2': '48.85', '3': '46.15', '4': '43.75'}",[],[]
c1171,Ranking: 59 / 153,48.59,"{'0': ['set_cri_dmg', 'set_immune'], '1': ['set_immune', 'set_penetrate', 'set_torrent'], '2': ['set_immune', 'set_speed'], '3': ['set_immune', 'set_vampire'], '4': ['set_penetrate', 'set_speed']}","{'0': '52.96', '1': '56.99', '2': '50.82', '3': '52.89', '4': '47.69'}","['c2148', 'c2124', 'c2076']","['c4004', 'c2186', 'c2076']"
c1172,Ranking: 4 / 153,56.17,"{'0': [], '1': [], '2': [], '3': [], '4': []}","{'0': -1, '1': -1, '2': -1, '3': -1, '4': -1}","['c4158', 'c1179', 'c1162']","['c5175', 'c2186', 'c6005']"
c1173,Ranking: 107 / 153,44.24,"{'0': [], '1': [], '2': [], '3': [], '4': []}","{'0': -1, '1': -1, '2': -1, '3': -1, '4': -1}",[],[]
c1174,,16.00,"{'0': [], '1': [], '2': [], '3': [], '4': []}","{'0': -1, '1': -1, '2': -1, '3': -1, '4': -1}",[],[]
c1176,Ranking: 50 / 153,49.28,"{'0': [], '1': [], '2': [], '3': [], '4': []}","{'0': -1, '1': -1, '2': -1, '3': -1, '4': -1}","['c5069', 'c5072', 'c2012']","['c2186', 'c5154', 'c1153']"
c1177,Ranking: 67 / 153,48.10,"{'0': [], '1': [], '2': [], '3': [], '4': []}","{'0': -1, '1': -1, '2': -1, '3': -1, '4': -1}","['c6037', 'c5033', 'c1007']","['c2186', 'c1162', 'c2046']"
c1178,Ranking: 100 / 153,44.79,"{'0': [], '1': [], '2': [], '3': [], '4': []}","{'0': -1, '1': -1, '2': -1, '3': -1, '4': -1}","['c2110', 'c1103', 'c1073']","['c5046', 'c5175', 'c1162']"
c1179,Ranking: 60 / 153,48.58,"{'0': [], '1': [], '2': [], '3': [], '4': []}","{'0': -1, '1': -1, '2': -1, '3': -1, '4': -1}","['c5154', 'c6005', 'c2124']","['c5147', 'c2024', 'c2185']"
c1180,,36.00,"{'0': [], '1': [], '2': [], '3': [], '4': []}","{'0': -1, '1': -1, '2': -1, '3': -1, '4': -1}",[],[]
c1182,Ranking: 54 / 153,49.15,"{'0': [], '1': [], '2': [], '3': [], '4': []}","{'0': -1, '1': -1, '2': -1, '3': -1, '4': -1}","['c1178', 'c2181', 'c6024']","['c1117', 'c6024', 'c5154']"
c1183,Ranking: 36 / 153,50.40,"{'0': [], '1': [], '2': [], '3': [], '4': []}","{'0': -1, '1': -1, '2': -1, '3': -1, '4': -1}","['c2066', 'c1055', 'c5072']","['c2049', 'c5154', 'c2186']"
c1192,Ranking: 37 / 153,50.23,"{'0': [], '1': [], '2': [], '3': [], '4': []}","{'0': -1, '1': -1, '2': -1, '3': -1, '4': -1}","['c2103', 'c2148', 'c1143']","['c2049', 'c1060', 'c4004']"
c1193,Ranking: 89 / 153,45.97,"{'0': [], '1': [], '2': [], '3': [], '4': []}","{'0': -1, '1': -1, '2': -1, '3': -1, '4': -1}","['c6017', 'c2102', 'c1163']","['c1007', 'c1034', 'c2186']"
c2001,Ranking: 26 / 153,51.41,"{'0': [], '1': [], '2': [], '3': [], '4': []}","{'0': -1, '1': -1, '2': -1, '3': -1, '4': -1}","['c2186', 'c2082', 'c1034']","['c5147', 'c2076', 'c2066']"
c2002,Ranking: 66 / 153,48.15,"{'0': ['set_max_hp', 'set_speed'], '1': ['set_immune', 'set_speed'], '2': ['set_max_hp', 'set_max_hp', 'set_max_hp'], '3': ['set_cri', 'set_cri', 'set_max_hp'], '4': ['set_cri', 'set_speed']}","{'0': '49.15', '1': '53.55', '2': '46.58', '3': '45.61', '4': '46.15'}","['c5069', 'c2185', 'c1192']","['c1192', 'c5154']"
c2003,,30.61,"{'0': [], '1': [], '2': [], '3': [], '4': []}","{'0': -1, '1': -1, '2': -1, '3': -1, '4': -1}",[],[]
c2004,Ranking: 13 / 153,52.38,"{'0': ['set_acc', 'set_speed'], '1': ['set_speed'], '2': ['set_immune', 'set_speed'], '3': ['set_cri', 'set_speed'], '4': ['set_max_hp', 'set_speed']}","{'0': '49.01', '1': '49.64', '2': '58.47', '3': '46.34', '4': '62.5'}","['c1168', 'c1183']","['c2185', 'c1168', 'c2186']"
c2005,,18.18,"{'0': [], '1': [], '2': [], '3': [], '4': []}","{'0': -1, '1': -1, '2': -1, '3': -1, '4': -1}",[],[]
c2006,,41.94,"{'0': ['set_cri', 'set_speed'], '1': ['set_acc', 'set_speed'], '2': ['set_speed'], '3': ['set_speed', 'set_torrent'], '4': ['set_penetrate', 'set_speed']}","{'0': '44.25', '1': '36.52', '2': '40.28', '3': '54.55', '4': '58.73'}",[],[]
c2007,Ranking: 34 / 153,50.76,"{'0': ['set_cri', 'set_speed'], '1': ['set_cri', 'set_cri_dmg'], '2': ['set_cri_dmg', 'set_torrent'], '3': ['set_speed', 'set_torrent'], '4': ['set_att', 'set_cri']}","{'0': '49.42', '1': '50.04', '2': '51.74', '3': '56.85', '4': '45.25'}","['c2186', 'c2062', 'c2024']","['c5175', 'c2076', 'c5190']"
c2008,Ranking: 117 / 153,42.25,"{'0': ['set_immune', 'set_shield'], '1': ['set_max_hp', 'set_shield'], '2': ['set_max_hp', 'set_speed'], '3': ['set_immune', 'set_max_hp', 'set_max_hp'], '4': ['set_res', 'set_speed']}","{'0': '55.41', '1': '55.3', '2': '49.26', '3': '43.9', '4': '41.89'}",[],[]
c2009,Ranking: 23 / 153,51.44,"{'0': ['set_penetrate', 'set_speed'], '1': ['set_cri_dmg', 'set_penetrate'], '2': ['set_cri', 'set_cri_dmg'], '3': ['set_cri', 'set_immune', 'set_penetrate'], '4': ['set_cri_dmg', 'set_immune']}","{'0': '47.77', '1': '42.82', '2': '43.18', '3': '42.17', '4': '37.35'}","['c2076', 'c5190', 'c2124']","['c2186', 'c6037', 'c1153']"
c2010,,23.81,"{'0': ['set_cri', 'set_vampire'], '1': ['set_max_hp', 'set_vampire'], '2': ['set_vampire'], '3': ['set_penetrate', 'set_vampire'], '4': ['set_acc', 'set_vampire']}","{'0': '29.11', '1': '35', '2': '44.44', '3': '28.57', '4': '12.5'}",[],[]
c2011,Ranking: 105 / 153,44.37,"{'0': ['set_cri_dmg', 'set_torrent'], '1': ['set_cri', 'set_cri_dmg'], '2': ['set_cri_dmg', 'set_res'], '3': ['set_cri_dmg', 'set_penetrate'], '4': ['set_speed', 'set_torrent']}","{'0': '56.98', '1': '49.86', '2': '51.11', '3': '48.98', '4': '60.63'}",['c1183'],['c6005']
c2012,Ranking: 82 / 153,46.65,"{'0': ['set_max_hp', 'set_max_hp', 'set_max_hp'], '1': ['set_max_hp', 'set_speed'], '2': ['set_max_hp', 'set_max_hp', 'set_res'], '3': ['set_def', 'set_max_hp', 'set_max_hp'], '4': ['set_max_hp', 'set_res', 'set_res']}","{'0': '31.58', '1': '38.16', '2': '35.85', '3': '43.75', '4': '37.5'}","['c2113', 'c2103', 'c6024']","['c2186', 'c2181', 'c5175']"
c2013,Ranking: 113 / 153,43.22,"{'0': ['set_acc', 'set_speed'], '1': ['set_counter', 'set_max_hp'], '2': ['set_max_hp', 'set_speed'], '3': ['set_acc', 'set_max_hp', 'set_max_hp'], '4': ['set_acc', 'set_counter']}","{'0': '50.18', '1': '42.36', '2': '47.75', '3': '44.83', '4': '61'}",[],[]
c2014,,30.91,"{'0': ['set_penetrate', 'set_speed'], '1': ['set_cri', 'set_speed'], '2': ['set_acc', 'set_speed'], '3': ['set_immune', 'set_speed'], '4': ['set_att', 'set_penetrate']}","{'0': '50.96', '1': '38.55', '2': '47.06', '3': '29.41', '4': '22.22'}",[],[]
c2015,Ranking: 30 / 153,51.21,"{'0': ['set_res', 'set_speed'], '1': ['set_acc', 'set_speed'], '2': ['set_max_hp', 'set_speed'], '3': ['set_res', 'set_revenge'], '4': ['set_immune', 'set_speed']}","{'0': '48.17', '1': '37.38', '2': '47.73', '3': '45.95', '4': '60.71'}","['c6005', 'c5154', 'c2007']","['c2124', 'c6005', 'c2186']"
c2016,Ranking: 88 / 153,46.04,"{'0': ['set_cri', 'set_vampire'], '1': ['set_immune', 'set_vampire'], '2': ['set_def', 'set_vampire'], '3': ['set_max_hp', 'set_vampire'], '4': ['set_vampire']}","{'0': '51.22', '1': '56.7', '2': '52.07', '3': '49.4', '4': '53.15'}","['c2185', 'c1183', 'c2148']","['c2185', 'c5154']"
c2017,,25.00,"{'0': ['set_immune', 'set_speed'], '1': ['set_res', 'set_speed'], '2': ['set_max_hp', 'set_speed'], '3': ['set_res', 'set_res', 'set_res'], '4': ['set_max_hp', 'set_res', 'set_res']}","{'0': '48.15', '1': '33.33', '2': '23.33', '3': '100', '4': '16.67'}",[],[]
c2018,,20.00,"{'0': [], '1': [], '2': [], '3': [], '4': []}","{'0': -1, '1': -1, '2': -1, '3': -1, '4': -1}",[],[]
c2019,Ranking: 131 / 153,39.62,"{'0': ['set_counter', 'set_penetrate'], '1': ['set_penetrate', 'set_speed'], '2': ['set_counter', 'set_max_hp'], '3': ['set_cri_dmg', 'set_penetrate'], '4': ['set_counter', 'set_res']}","{'0': '44.69', '1': '49.63', '2': '42.44', '3': '39.02', '4': '42.65'}",['c2181'],['c1183']
c2020,Ranking: 90 / 153,45.92,"{'0': ['set_cri', 'set_speed'], '1': ['set_speed', 'set_torrent'], '2': ['set_cri', 'set_cri_dmg'], '3': ['set_penetrate', 'set_rage'], '4': ['set_penetrate', 'set_speed']}","{'0': '41.28', '1': '50.41', '2': '31.88', '3': '64.29', '4': '50'}",['c1007'],[]
c2021,,36.36,"{'0': ['set_res', 'set_speed'], '1': ['set_cri', 'set_speed'], '2': ['set_penetrate', 'set_speed'], '3': ['set_speed', 'set_torrent'], '4': ['set_speed']}","{'0': '24.07', '1': '21.43', '2': '33.33', '3': '100', '4': '0'}",[],[]
c2022,,37.84,"{'0': ['set_res', 'set_speed'], '1': ['set_max_hp', 'set_speed'], '2': ['set_max_hp', 'set_max_hp', 'set_res'], '3': ['set_max_hp', 'set_res', 'set_res'], '4': ['set_max_hp', 'set_max_hp', 'set_max_hp']}","{'0': '43.27', '1': '44', '2': '42.73', '3': '45.05', '4': '36.21'}",[],[]
c2023,Ranking: 92 / 153,45.89,"{'0': ['set_res', 'set_vampire'], '1': ['set_cri', 'set_vampire'], '2': ['set_acc', 'set_cri_dmg'], '3': ['set_max_hp', 'set_res', 'set_res'], '4': ['set_max_hp', 'set_vampire']}","{'0': '40.15', '1': '40.13', '2': '32.73', '3': '47.3', '4': '31.87'}",['c2185'],['c1183']
c2024,Ranking: 27 / 153,51.38,"{'0': ['set_cri', 'set_speed'], '1': ['set_speed'], '2': ['set_acc', 'set_speed'], '3': ['set_immune', 'set_speed'], '4': ['set_speed', 'set_torrent']}","{'0': '51.89', '1': '53.33', '2': '48.72', '3': '54.24', '4': '52.3'}","['c6005', 'c1150', 'c6050']","['c6005', 'c1034', 'c2080']"
c2027,Ranking: 39 / 153,50.20,"{'0': ['set_penetrate', 'set_speed'], '1': ['set_cri', 'set_speed'], '2': ['set_cri_dmg', 'set_penetrate'], '3': ['set_speed', 'set_torrent'], '4': ['set_speed']}","{'0': '57.03', '1': '53.65', '2': '55.82', '3': '59.7', '4': '48.35'}",[],[]
c2028,,20.00,"{'0': ['set_res', 'set_speed'], '1': ['set_acc', 'set_speed'], '2': ['set_cri', 'set_speed'], '3': ['set_speed'], '4': ['set_max_hp', 'set_speed']}","{'0': '100', '1': '20', '2': '50', '3': '0', '4': '0'}",[],[]
c2029,,0.00,"{'0': [], '1': [], '2': [], '3': [], '4': []}","{'0': -1, '1': -1, '2': -1, '3': -1, '4': -1}",[],[]
c2031,Ranking: 16 / 153,51.98,"{'0': ['set_speed'], '1': ['set_acc', 'set_speed'], '2': ['set_immune', 'set_speed'], '3': ['set_res', 'set_speed'], '4': ['set_max_hp', 'set_max_hp', 'set_res']}","{'0': '49.45', '1': '35.8', '2': '35.29', '3': '66.67', '4': '100'}",[],[]
c2032,,28.57,"{'0': ['set_counter', 'set_penetrate'], '1': ['set_counter', 'set_def'], '2': ['set_counter', 'set_cri'], '3': ['set_def', 'set_max_hp', 'set_max_hp'], '4': ['set_counter', 'set_max_hp']}","{'0': '30', '1': '42.86', '2': '60', '3': '100', '4': '100'}",[],[]
c2033,,20.00,"{'0': [], '1': [], '2': [], '3': [], '4': []}","{'0': -1, '1': -1, '2': -1, '3': -1, '4': -1}",[],[]
c2035,,50.00,"{'0': ['set_counter'], '1': ['set_immune', 'set_max_hp', 'set_max_hp'], '2': ['set_max_hp', 'set_max_hp', 'set_res'], '3': ['set_max_hp', 'set_max_hp', 'set_max_hp'], '4': ['set_max_hp', 'set_max_hp']}","{'0': '100', '1': '100', '2': '100', '3': '6.67', '4': '20'}",[],[]
c2036,,22.86,"{'0': ['set_max_hp', 'set_shield'], '1': ['set_max_hp', 'set_speed'], '2': ['set_max_hp', 'set_max_hp', 'set_max_hp'], '3': ['set_immune', 'set_speed'], '4': ['set_res', 'set_shield']}","{'0': '60.66', '1': '33.93', '2': '40.48', '3': '53.33', '4': '53.85'}",[],[]
c2037,Ranking: 32 / 153,50.99,"{'0': ['set_penetrate', 'set_speed'], '1': ['set_cri_dmg', 'set_penetrate'], '2': ['set_penetrate', 'set_torrent', 'set_torrent'], '3': ['set_att', 'set_penetrate'], '4': ['set_cri_dmg', 'set_immune']}","{'0': '31.58', '1': '30.77', '2': '25', '3': '28.57', '4': '50'}",[],[]
c2038,Ranking: 145 / 153,36.54,"{'0': ['set_cri', 'set_speed'], '1': ['set_penetrate', 'set_vampire'], '2': ['set_cri_dmg', 'set_penetrate'], '3': ['set_cri', 'set_vampire'], '4': ['set_penetrate', 'set_speed']}","{'0': '40.74', '1': '42.24', '2': '42.25', '3': '42.65', '4': '42'}",[],[]
c2039,Ranking: 122 / 153,41.80,"{'0': ['set_counter', 'set_max_hp'], '1': ['set_counter', 'set_res'], '2': ['set_counter', 'set_immune'], '3': ['set_max_hp', 'set_speed'], '4': ['set_max_hp', 'set_max_hp', 'set_max_hp']}","{'0': '53.11', '1': '52.18', '2': '57.56', '3': '46.77', '4': '48.37'}",[],[]
c2042,Ranking: 142 / 153,37.14,"{'0': ['set_max_hp', 'set_speed'], '1': ['set_acc', 'set_speed'], '2': ['set_max_hp', 'set_shield'], '3': ['set_max_hp', 'set_max_hp', 'set_max_hp'], '4': ['set_cri', 'set_speed']}","{'0': '50.59', '1': '54.01', '2': '55.57', '3': '49.83', '4': '45.95'}",[],[]
c2043,,38.89,"{'0': ['set_acc', 'set_speed'], '1': ['set_speed'], '2': ['set_max_hp', 'set_speed'], '3': ['set_immune', 'set_speed'], '4': ['set_cri', 'set_speed']}","{'0': '42.57', '1': '50.5', '2': '45.33', '3': '55.56', '4': '41.67'}",[],[]
c2046,Ranking: 22 / 153,51.44,"{'0': ['set_cri', 'set_speed'], '1': ['set_speed'], '2': ['set_acc', 'set_speed'], '3': ['set_penetrate', 'set_speed'], '4': ['set_speed', 'set_torrent']}","{'0': '44.32', '1': '51.36', '2': '46.15', '3': '64.71', '4': '75'}","['c1176', 'c1007', 'c5033']","['c2148', 'c1177', 'c2186']"
c2047,,32.08,"{'0': ['set_cri_dmg', 'set_penetrate'], '1': ['set_cri_dmg', 'set_res'], '2': ['set_immune', 'set_torrent', 'set_torrent'], '3': ['set_res', 'set_vampire'], '4': ['set_penetrate', 'set_vampire']}","{'0': '42.46', '1': '41.1', '2': '39.85', '3': '42', '4': '43.48'}",[],[]
c2048,Ranking: 57 / 153,48.82,"{'0': ['set_acc', 'set_speed'], '1': ['set_speed'], '2': ['set_acc', 'set_acc', 'set_acc'], '3': ['set_cri', 'set_speed'], '4': ['set_counter']}","{'0': '52', '1': '45.71', '2': '47.34', '3': '44.93', '4': '38.36'}","['c1117', 'c2131', 'c6005']","['c2066', 'c5190', 'c2007']"
c2049,Ranking: 29 / 153,51.21,"{'0': ['set_res', 'set_speed'], '1': ['set_max_hp', 'set_speed'], '2': ['set_max_hp', 'set_max_hp', 'set_max_hp'], '3': ['set_counter', 'set_res'], '4': ['set_counter', 'set_max_hp']}","{'0': '45.68', '1': '42.73', '2': '52.17', '3': '44.68', '4': '41.3'}","['c1178', 'c2007', 'c1193']","['c1192', 'c6024', 'c2071']"
c2050,,30.95,"{'0': ['set_cri', 'set_cri_dmg'], '1': ['set_cri', 'set_speed'], '2': ['set_cri_dmg', 'set_penetrate'], '3': ['set_penetrate', 'set_speed'], '4': ['set_cri', 'set_vampire']}","{'0': '40.47', '1': '38.25', '2': '44.16', '3': '46.45', '4': '54.84'}",[],[]
c2053,Ranking: 43 / 153,49.94,"{'0': ['set_res', 'set_speed'], '1': ['set_immune', 'set_speed'], '2': ['set_speed'], '3': ['set_max_hp', 'set_speed'], '4': ['set_res', 'set_res', 'set_res']}","{'0': '41.93', '1': '42.5', '2': '38.68', '3': '45.16', '4': '33.33'}","['c2080', 'c2049', 'c1182']","['c1117', 'c1172', 'c1060']"
c2054,,0.00,"{'0': ['set_acc', 'set_speed'], '1': ['set_cri', 'set_speed'], '2': ['set_cri_dmg'], '3': ['set_speed'], '4': ['set_immune', 'set_speed']}","{'0': '62.5', '1': '40', '2': '0', '3': '0', '4': '0'}",[],[]
c2062,Ranking: 112 / 153,43.24,"{'0': ['set_res', 'set_speed'], '1': ['set_immune', 'set_speed'], '2': ['set_speed'], '3': ['set_max_hp', 'set_speed'], '4': ['set_res', 'set_res', 'set_res']}","{'0': '48.56', '1': '47.95', '2': '52.67', '3': '46.51', '4': '64.06'}","['c5147', 'c1168', 'c2185']","['c6005', 'c1168']"
c2065,,31.03,"{'0': ['set_cri', 'set_vampire'], '1': ['set_cri', 'set_speed'], '2': ['set_penetrate', 'set_speed'], '3': ['set_torrent', 'set_vampire'], '4': ['set_cri_dmg', 'set_penetrate']}","{'0': '45.83', '1': '40.54', '2': '36.11', '3': '30.3', '4': '30'}",[],[]
c2066,Ranking: 21 / 153,51.45,"{'0': ['set_immune', 'set_speed'], '1': ['set_speed'], '2': ['set_acc', 'set_speed'], '3': ['set_max_hp', 'set_speed'], '4': ['set_cri', 'set_speed']}","{'0': '57.93', '1': '54.7', '2': '51.78', '3': '52.94', '4': '51.97'}","['c5033', 'c2186', 'c1007']","['c2186', 'c2048', 'c5175']"
c2069,Ranking: 35 / 153,50.45,"{'0': ['set_speed', 'set_torrent'], '1': ['set_cri', 'set_speed'], '2': ['set_cri_dmg', 'set_torrent'], '3': ['set_penetrate', 'set_speed'], '4': ['set_cri_dmg', 'set_penetrate']}","{'0': '56.83', '1': '53.72', '2': '48.79', '3': '53.52', '4': '50.41'}",[],['c1133']
c2070,Ranking: 101 / 153,44.66,"{'0': ['set_max_hp', 'set_speed'], '1': ['set_immune', 'set_speed'], '2': ['set_res', 'set_speed'], '3': ['set_max_hp', 'set_max_hp', 'set_max_hp'], '4': ['set_max_hp', 'set_shield']}","{'0': '48.96', '1': '51.32', '2': '56.4', '3': '47.6', '4': '60.36'}","['c6005', 'c5154']",[]
c2071,Ranking: 64 / 153,48.40,"{'0': ['set_cri_dmg', 'set_penetrate'], '1': ['set_counter', 'set_penetrate'], '2': ['set_penetrate', 'set_vampire'], '3': ['set_penetrate', 'set_speed'], '4': ['set_cri_dmg', 'set_immune']}","{'0': '47.95', '1': '45.02', '2': '42.27', '3': '38.46', '4': '51.22'}","['c2012', 'c2066', 'c5072']","['c5175', 'c2181', 'c2186']"
c2072,Ranking: 129 / 153,40.94,"{'0': ['set_cri', 'set_speed'], '1': ['set_att', 'set_torrent'], '2': ['set_speed', 'set_torrent'], '3': ['set_speed'], '4': ['set_acc', 'set_speed']}","{'0': '42.37', '1': '37.5', '2': '58.33', '3': '16.67', '4': '50'}",[],[]
c2073,,34.21,"{'0': ['set_max_hp', 'set_speed'], '1': ['set_immune', 'set_speed'], '2': ['set_speed'], '3': ['set_res', 'set_speed'], '4': ['set_penetrate', 'set_speed']}","{'0': '45.45', '1': '45.32', '2': '44.03', '3': '43.61', '4': '50.71'}",[],[]
c2074,Ranking: 149 / 153,34.79,"{'0': ['set_penetrate', 'set_vampire'], '1': ['set_penetrate', 'set_speed'], '2': ['set_cri_dmg', 'set_penetrate'], '3': ['set_cri', 'set_vampire'], '4': ['set_cri', 'set_speed']}","{'0': '51.81', '1': '56.03', '2': '52.76', '3': '39.57', '4': '46.82'}",[],[]
c2076,Ranking: 2 / 153,57.39,"{'0': [], '1': [], '2': [], '3': [], '4': []}","{'0': -1, '1': -1, '2': -1, '3': -1, '4': -1}","['c1182', 'c1117', 'c1034']","['c2125', 'c1104', 'c2186']"
c2079,Ranking: 98 / 153,44.91,"{'0': ['set_cri', 'set_vampire'], '1': ['set_cri', 'set_cri_dmg'], '2': ['set_cri_dmg', 'set_def'], '3': ['set_cri', 'set_speed'], '4': ['set_def', 'set_vampire']}","{'0': '42.77', '1': '41.3', '2': '44.95', '3': '43.87', '4': '40.93'}","['c5154', 'c2007', 'c6024']","['c2024', 'c2186', 'c1192']"
c2080,Ranking: 20 / 153,51.64,"{'0': ['set_cri', 'set_cri_dmg'], '1': ['set_cri_dmg', 'set_torrent'], '2': ['set_att', 'set_cri'], '3': ['set_cri_dmg', 'set_penetrate'], '4': ['set_cri', 'set_penetrate', 'set_torrent']}","{'0': '45.41', '1': '50.4', '2': '47.78', '3': '39.6', '4': '48.15'}","['c1133', 'c6005', 'c1168']","['c1073', 'c2024', 'c1172']"
c2082,Ranking: 110 / 153,44.00,"{'0': ['set_cri', 'set_speed'], '1': ['set_penetrate', 'set_speed'], '2': ['set_speed'], '3': ['set_speed', 'set_torrent'], '4': ['set_def', 'set_speed']}","{'0': '48.47', '1': '53.58', '2': '57.09', '3': '46.48', '4': '39.58'}","['c1183', 'c1117', 'c2124']","['c2185', 'c6005']"
c2085,,35.96,"{'0': ['set_speed'], '1': ['set_acc', 'set_speed'], '2': ['set_immune', 'set_speed'], '3': ['set_att', 'set_immune'], '4': ['set_att', 'set_max_hp']}","{'0': '46.15', '1': '42.19', '2': '39.39', '3': '41.38', '4': '40'}",[],[]
c2086,,0.00,"{'0': [], '1': [], '2': [], '3': [], '4': []}","{'0': -1, '1': -1, '2': -1, '3': -1, '4': -1}",[],[]
c2087,,20.00,"{'0': ['set_penetrate', 'set_speed'], '1': ['set_def', 'set_speed'], '2': ['set_counter', 'set_def'], '3': ['set_speed'], '4': ['set_def', 'set_def', 'set_def']}","{'0': '55', '1': '63.64', '2': '60', '3': '100', '4': '50'}",[],[]
c2088,Ranking: 150 / 153,34.48,"{'0': ['set_cri', 'set_vampire'], '1': ['set_torrent', 'set_vampire'], '2': ['set_penetrate', 'set_vampire'], '3': ['set_cri', 'set_speed'], '4': ['set_cri', 'set_cri_dmg']}","{'0': '48.11', '1': '54.36', '2': '53.3', '3': '47.2', '4': '47.13'}",[],[]
c2089,Ranking: 132 / 153,39.42,"{'0': ['set_acc', 'set_speed'], '1': ['set_speed'], '2': ['set_immune', 'set_speed'], '3': ['set_max_hp', 'set_speed'], '4': ['set_res', 'set_speed']}","{'0': '45.41', '1': '48.94', '2': '42.04', '3': '45.63', '4': '51.18'}",[],[]
c2090,Ranking: 123 / 153,41.80,"{'0': ['set_acc', 'set_speed'], '1': ['set_res', 'set_speed'], '2': ['set_immune', 'set_speed'], '3': ['set_max_hp', 'set_speed'], '4': ['set_speed']}","{'0': '49.15', '1': '50.95', '2': '57.52', '3': '52.99', '4': '44.18'}","['c2131', 'c5154', 'c1183']",['c1133']
c2091,Ranking: 77 / 153,47.37,"{'0': ['set_cri', 'set_speed'], '1': ['set_cri', 'set_cri_dmg'], '2': ['set_speed'], '3': ['set_speed', 'set_torrent'], '4': ['set_cri_dmg', 'set_torrent']}","{'0': '51.34', '1': '34.19', '2': '39.53', '3': '62.96', '4': '40'}",[],[]
c2095,Ranking: 116 / 153,42.47,"{'0': ['set_cri', 'set_speed'], '1': ['set_cri', 'set_cri_dmg'], '2': ['set_def', 'set_speed'], '3': ['set_cri_dmg', 'set_immune'], '4': ['set_cri_dmg', 'set_def']}","{'0': '51.34', '1': '53.3', '2': '49.7', '3': '60.13', '4': '57.19'}","['c6005', 'c2024', 'c2007']",['c5154']
c2099,Ranking: 140 / 153,37.46,"{'0': ['set_cri', 'set_speed'], '1': ['set_acc', 'set_speed'], '2': ['set_speed'], '3': ['set_speed', 'set_torrent'], '4': ['set_torrent', 'set_torrent', 'set_torrent']}","{'0': '43.75', '1': '34.93', '2': '46.38', '3': '45.45', '4': '66.67'}",['c1183'],[]
c2101,Ranking: 104 / 153,44.43,"{'0': ['set_penetrate', 'set_speed'], '1': ['set_max_hp', 'set_speed'], '2': ['set_cri', 'set_speed'], '3': ['set_immune', 'set_speed'], '4': ['set_res', 'set_speed']}","{'0': '54.42', '1': '54.77', '2': '55.37', '3': '54.61', '4': '52.75'}","['c2186', 'c5069', 'c6024']","['c2186', 'c2053', 'c1060']"
c2102,Ranking: 109 / 153,44.09,"{'0': ['set_acc', 'set_acc', 'set_acc'], '1': ['set_acc', 'set_att'], '2': ['set_acc', 'set_acc'], '3': ['set_acc', 'set_acc', 'set_torrent'], '4': ['set_acc']}","{'0': '53.47', '1': '48.45', '2': '57.72', '3': '56.22', '4': '54.83'}","['c2185', 'c1183', 'c2007']","['c5190', 'c2007', 'c2185']"
c2103,Ranking: 68 / 153,48.01,"{'0': ['set_penetrate', 'set_speed'], '1': ['set_penetrate', 'set_vampire'], '2': ['set_cri', 'set_speed'], '3': ['set_cri_dmg', 'set_penetrate'], '4': ['set_cri', 'set_vampire']}","{'0': '40.57', '1': '44.11', '2': '38.92', '3': '31.09', '4': '37.76'}","['c2024', 'c2181', 'c5033']","['c5072', 'c4123', 'c5147']"
c2106,Ranking: 124 / 153,41.67,"{'0': ['set_max_hp', 'set_speed'], '1': ['set_max_hp', 'set_max_hp', 'set_max_hp'], '2': ['set_counter', 'set_max_hp'], '3': ['set_immune', 'set_speed'], '4': ['set_immune', 'set_max_hp', 'set_max_hp']}","{'0': '54.73', '1': '52.41', '2': '54.77', '3': '60.94', '4': '52.55'}","['c6005', 'c2007', 'c1133']",[]
c2109,Ranking: 144 / 153,36.93,"{'0': ['set_counter', 'set_cri'], '1': ['set_counter', 'set_penetrate'], '2': ['set_counter', 'set_immune'], '3': ['set_coop', 'set_counter'], '4': ['set_counter']}","{'0': '43.23', '1': '47.33', '2': '50.12', '3': '44.32', '4': '50.82'}",[],[]
c2110,Ranking: 73 / 153,47.44,"{'0': ['set_acc', 'set_speed'], '1': ['set_speed'], '2': ['set_immune', 'set_speed'], '3': ['set_max_hp', 'set_speed'], '4': ['set_def', 'set_speed']}","{'0': '50.84', '1': '46.11', '2': '51.69', '3': '55.75', '4': '49.28'}","['c5154', 'c2124', 'c1192']","['c6005', 'c2024', 'c2007']"
c2111,Ranking: 143 / 153,37.13,"{'0': ['set_acc', 'set_speed'], '1': ['set_immune', 'set_speed'], '2': ['set_speed'], '3': ['set_res', 'set_speed'], '4': ['set_max_hp', 'set_speed']}","{'0': '50.87', '1': '56.34', '2': '49.57', '3': '55.26', '4': '55.68'}",[],[]
c2112,Ranking: 58 / 153,48.65,"{'0': ['set_acc', 'set_speed'], '1': ['set_speed'], '2': ['set_cri', 'set_speed'], '3': ['set_max_hp', 'set_speed'], '4': ['set_immune', 'set_speed']}","{'0': '53.69', '1': '55.14', '2': '52.67', '3': '55.88', '4': '52.79'}","['c1153', 'c5033', 'c6024']","['c2076', 'c2148', 'c1055']"
c2113,Ranking: 74 / 153,47.43,"{'0': ['set_cri_dmg', 'set_penetrate'], '1': ['set_counter', 'set_max_hp'], '2': ['set_counter', 'set_penetrate'], '3': ['set_cri_dmg', 'set_immune'], '4': ['set_cri_dmg', 'set_max_hp']}","{'0': '61.29', '1': '52.8', '2': '57.73', '3': '62.41', '4': '60.41'}","['c5069', 'c5147', 'c2129']","['c2186', 'c2181', 'c2076']"
c2124,Ranking: 80 / 153,47.24,"{'0': [], '1': [], '2': [], '3': [], '4': []}","{'0': -1, '1': -1, '2': -1, '3': -1, '4': -1}","['c2181', 'c2023', 'c6024']","['c2015', 'c2186', 'c4004']"
c2125,Ranking: 69 / 153,47.69,"{'0': ['set_speed'], '1': ['set_acc', 'set_speed'], '2': ['set_cri', 'set_speed'], '3': ['set_max_hp', 'set_speed'], '4': ['set_immune', 'set_speed']}","{'0': '59.12', '1': '60.41', '2': '56.13', '3': '62.82', '4': '61.35'}","['c6005', 'c2124', 'c5154']","['c2076', 'c1073', 'c2148']"
c2126,Ranking: 114 / 153,43.17,"{'0': ['set_acc', 'set_speed'], '1': ['set_speed'], '2': ['set_immune', 'set_speed'], '3': ['set_max_hp', 'set_speed'], '4': ['set_res', 'set_speed']}","{'0': '53.64', '1': '55.57', '2': '59.57', '3': '53.38', '4': '54.15'}",[],[]
c2127,Ranking: 111 / 153,43.65,"{'0': [], '1': [], '2': [], '3': [], '4': []}","{'0': -1, '1': -1, '2': -1, '3': -1, '4': -1}","['c2112', 'c1022', 'c6037']","['c2076', 'c1073', 'c2181']"
c2128,Ranking: 121 / 153,41.91,"{'0': ['set_counter', 'set_penetrate'], '1': ['set_cri_dmg', 'set_penetrate'], '2': ['set_penetrate', 'set_speed'], '3': ['set_counter', 'set_cri'], '4': ['set_cri', 'set_cri_dmg']}","{'0': '54.9', '1': '51.03', '2': '53.59', '3': '48.11', '4': '44.3'}","['c1172', 'c1168', 'c2148']","['c2186', 'c1193', 'c6005']"
c2129,Ranking: 47 / 153,49.51,"{'0': [], '1': [], '2': [], '3': [], '4': []}","{'0': -1, '1': -1, '2': -1, '3': -1, '4': -1}","['c1171', 'c1163', 'c2048']","['c5072', 'c5154', 'c2049']"
c2131,Ranking: 55 / 153,49.05,"{'0': [], '1': [], '2': [], '3': [], '4': []}","{'0': -1, '1': -1, '2': -1, '3': -1, '4': -1}","['c2080', 'c1007', 'c2062']","['c4004', 'c5147', 'c5069']"
c2132,Ranking: 83 / 153,46.45,"{'0': ['set_acc', 'set_speed'], '1': ['set_max_hp', 'set_speed'], '2': ['set_res', 'set_speed'], '3': ['set_acc', 'set_counter'], '4': ['set_counter', 'set_max_hp']}","{'0': '50.24', '1': '46.65', '2': '42.68', '3': '47.62', '4': '47.56'}","['c2007', 'c1183', 'c2131']","['c6005', 'c1168']"
c2148,Ranking: 7 / 153,53.64,"{'0': [], '1': [], '2': [], '3': [], '4': []}","{'0': -1, '1': -1, '2': -1, '3': -1, '4': -1}","['c5046', 'c5033', 'c2004']","['c5175', 'c2186', 'c6005']"
c2165,Ranking: 147 / 153,35.58,"{'0': ['set_penetrate', 'set_vampire'], '1': ['set_cri', 'set_vampire'], '2': ['set_penetrate', 'set_speed'], '3': ['set_cri_dmg', 'set_penetrate'], '4': ['set_cri', 'set_speed']}","{'0': '44.01', '1': '38.98', '2': '45', '3': '48.05', '4': '35.29'}",[],[]
c2181,Ranking: 8 / 153,53.63,"{'0': [], '1': [], '2': [], '3': [], '4': []}","{'0': -1, '1': -1, '2': -1, '3': -1, '4': -1}","['c2080', 'c2019', 'c2186']","['c2012', 'c2071', 'c2185']"
c2184,Ranking: 70 / 153,47.61,"{'0': [], '1': [], '2': [], '3': [], '4': []}","{'0': -1, '1': -1, '2': -1, '3': -1, '4': -1}","['c2127', 'c1007', 'c1046']","['c2186', 'c2181', 'c1177']"
c2185,Ranking: 44 / 153,49.89,"{'0': [], '1': [], '2': [], '3': [], '4': []}","{'0': -1, '1': -1, '2': -1, '3': -1, '4': -1}","['c2090', 'c2106', 'c1131']","['c2186', 'c1112', 'c1020']"
c2186,Ranking: 1 / 153,60.81,"{'0': [], '1': [], '2': [], '3': [], '4': []}","{'0': -1, '1': -1, '2': -1, '3': -1, '4': -1}",['c2080'],"['c2185', 'c1104', 'c2012']"
c3001,,,"{'0': [], '1': [], '2': [], '3': [], '4': []}","{'0': -1, '1': -1, '2': -1, '3': -1, '4': -1}",[],[]
c3002,,57.14,"{'0': [], '1': [], '2': [], '3': [], '4': []}","{'0': -1, '1': -1, '2': -1, '3': -1, '4': -1}",[],[]
c3004,,0.00,"{'0': [], '1': [], '2': [], '3': [], '4': []}","{'0': -1, '1': -1, '2': -1, '3': -1, '4': -1}",[],[]
c3011,,0.00,"{'0': [], '1': [], '2': [], '3': [], '4': []}","{'0': -1, '1': -1, '2': -1, '3': -1, '4': -1}",[],[]
c3014,,33.33,"{'0': [], '1': [], '2': [], '3': [], '4': []}","{'0': -1, '1': -1, '2': -1, '3': -1, '4': -1}",[],[]
c3015,,,"{'0': [], '1': [], '2': [], '3': [], '4': []}","{'0': -1, '1': -1, '2': -1, '3': -1, '4': -1}",[],[]
c3021,,0.00,"{'0': [], '1': [], '2': [], '3': [], '4': []}","{'0': -1, '1': -1, '2': -1, '3': -1, '4': -1}",[],[]
c3024,,0.00,"{'0': [], '1': [], '2': [], '3': [], '4': []}","{'0': -1, '1': -1, '2': -1, '3': -1, '4': -1}",[],[]
c3025,,0.00,"{'0': [], '1': [], '2': [], '3': [], '4': []}","{'0': -1, '1': -1, '2': -1, '3': -1, '4': -1}",[],[]
c3026,,20.00,"{'0': ['set_penetrate', 'set_speed'], '1': ['set_att', 'set_cri'], '2': ['set_cri', 'set_cri_dmg'], '3': ['set_speed'], '4': ['set_cri', 'set_speed']}","{'0': '66.67', '1': '33.33', '2': '100', '3': '0', '4': '0'}",[],[]
c3032,,0.00,"{'0': [], '1': [], '2': [], '3': [], '4': []}","{'0': -1, '1': -1, '2': -1, '3': -1, '4': -1}",[],[]
c3034,,0.00,"{'0': [], '1': [], '2': [], '3': [], '4': []}","{'0': -1, '1': -1, '2': -1, '3': -1, '4': -1}",[],[]
c3041,,0.00,"{'0': [], '1': [], '2': [], '3': [], '4': []}","{'0': -1, '1': -1, '2': -1, '3': -1, '4': -1}",[],[]
c3043,,50.00,"{'0': [], '1': [], '2': [], '3': [], '4': []}","{'0': -1, '1': -1, '2': -1, '3': -1, '4': -1}",[],[]
c3045,,0.00,"{'0': [], '1': [], '2': [], '3': [], '4': []}","{'0': -1, '1': -1, '2': -1, '3': -1, '4': -1}",[],[]
c3053,,50.00,"{'0': [], '1': [], '2': [], '3': [], '4': []}","{'0': -1, '1': -1, '2': -1, '3': -1, '4': -1}",[],[]
c3054,,25.00,"{'0': [], '1': [], '2': [], '3': [], '4': []}","{'0': -1, '1': -1, '2': -1, '3': -1, '4': -1}",[],[]
c3055,,,"{'0': [], '1': [], '2': [], '3': [], '4': []}","{'0': -1, '1': -1, '2': -1, '3': -1, '4': -1}",[],[]
c3061,,0.00,"{'0': [], '1': [], '2': [], '3': [], '4': []}","{'0': -1, '1': -1, '2': -1, '3': -1, '4': -1}",[],[]
c3062,,0.00,"{'0': [], '1': [], '2': [], '3': [], '4': []}","{'0': -1, '1': -1, '2': -1, '3': -1, '4': -1}",[],[]
c3063,,33.33,"{'0': [], '1': [], '2': [], '3': [], '4': []}","{'0': -1, '1': -1, '2': -1, '3': -1, '4': -1}",[],[]
c3064,,53.54,"{'0': [], '1': [], '2': [], '3': [], '4': []}","{'0': -1, '1': -1, '2': -1, '3': -1, '4': -1}",[],[]
c3073,,33.33,"{'0': [], '1': [], '2': [], '3': [], '4': []}","{'0': -1, '1': -1, '2': -1, '3': -1, '4': -1}",[],[]
c3074,,63.16,"{'0': ['set_cri', 'set_speed'], '1': ['set_acc', 'set_cri_dmg'], '2': ['set_penetrate', 'set_vampire'], '3': ['set_cri'], '4': ['set_cri', 'set_revenge']}","{'0': '70', '1': '40', '2': '50', '3': '100', '4': '0'}",[],[]
c3091,,0.00,"{'0': [], '1': [], '2': [], '3': [], '4': []}","{'0': -1, '1': -1, '2': -1, '3': -1, '4': -1}",[],[]
c3094,,12.50,"{'0': ['set_max_hp', 'set_shield'], '1': ['set_def', 'set_max_hp', 'set_max_hp'], '2': ['set_max_hp', 'set_max_hp'], '3': ['set_res', 'set_shield'], '4': ['set_max_hp', 'set_max_hp', 'set_max_hp']}","{'0': '52.94', '1': '25', '2': '50', '3': '100', '4': '0'}",[],[]
c3102,,0.00,"{'0': [], '1': [], '2': [], '3': [], '4': []}","{'0': -1, '1': -1, '2': -1, '3': -1, '4': -1}",[],[]
c3103,,0.00,"{'0': [], '1': [], '2': [], '3': [], '4': []}","{'0': -1, '1': -1, '2': -1, '3': -1, '4': -1}",[],[]
c3104,,0.00,"{'0': [], '1': [], '2': [], '3': [], '4': []}","{'0': -1, '1': -1, '2': -1, '3': -1, '4': -1}",[],[]
c3113,,0.00,"{'0': [], '1': [], '2': [], '3': [], '4': []}","{'0': -1, '1': -1, '2': -1, '3': -1, '4': -1}",[],[]
c3121,,0.00,"{'0': [], '1': [], '2': [], '3': [], '4': []}","{'0': -1, '1': -1, '2': -1, '3': -1, '4': -1}",[],[]
c3123,,35.00,"{'0': [], '1': [], '2': [], '3': [], '4': []}","{'0': -1, '1': -1, '2': -1, '3': -1, '4': -1}",[],[]
c3124,,26.67,"{'0': ['set_max_hp', 'set_speed'], '1': ['set_cri', 'set_speed'], '2': ['set_acc', 'set_speed'], '3': ['set_speed'], '4': ['set_vampire']}","{'0': '40', '1': '57.14', '2': '42.86', '3': '14.29', '4': '100'}",[],[]
c3125,,40.00,"{'0': ['set_penetrate', 'set_speed'], '1': ['set_cri', 'set_speed'], '2': ['set_att', 'set_penetrate'], '3': ['set_speed'], '4': ['set_cri_dmg', 'set_penetrate']}","{'0': '34.69', '1': '33.33', '2': '37.5', '3': '33.33', '4': '12.5'}",[],[]
c3132,,100.00,"{'0': [], '1': [], '2': [], '3': [], '4': []}","{'0': -1, '1': -1, '2': -1, '3': -1, '4': -1}",[],[]
c3133,,20.00,"{'0': [], '1': [], '2': [], '3': [], '4': []}","{'0': -1, '1': -1, '2': -1, '3': -1, '4': -1}",[],[]
c3134,,33.33,"{'0': [], '1': [], '2': [], '3': [], '4': []}","{'0': -1, '1': -1, '2': -1, '3': -1, '4': -1}",[],[]
c3135,,31.25,"{'0': ['set_counter', 'set_res'], '1': ['set_counter', 'set_immune'], '2': ['set_def', 'set_immune', 'set_max_hp'], '3': ['set_max_hp'], '4': ['set_counter', 'set_def']}","{'0': '22.73', '1': '20', '2': '33.33', '3': '0', '4': '0'}",[],[]
c3151,,0.00,"{'0': [], '1': [], '2': [], '3': [], '4': []}","{'0': -1, '1': -1, '2': -1, '3': -1, '4': -1}",[],[]
c3152,,100.00,"{'0': [], '1': [], '2': [], '3': [], '4': []}","{'0': -1, '1': -1, '2': -1, '3': -1, '4': -1}",[],[]
c3153,,0.00,"{'0': [], '1': [], '2': [], '3': [], '4': []}","{'0': -1, '1': -1, '2': -1, '3': -1, '4': -1}",[],[]
c3154,,100.00,"{'0': [], '1': [], '2': [], '3': [], '4': []}","{'0': -1, '1': -1, '2': -1, '3': -1, '4': -1}",[],[]
c3157,,50.00,"{'0': ['set_speed', 'set_torrent'], '1': ['set_max_hp', 'set_speed'], '2': ['set_acc', 'set_speed'], '3': ['set_cri', 'set_speed'], '4': ['set_speed']}","{'0': '25', '1': '40', '2': '44.44', '3': '66.67', '4': '100'}",[],[]
c3160,,33.33,"{'0': [], '1': [], '2': [], '3': [], '4': []}","{'0': -1, '1': -1, '2': -1, '3': -1, '4': -1}",[],[]
c3162,,25.00,"{'0': [], '1': [], '2': [], '3': [], '4': []}","{'0': -1, '1': -1, '2': -1, '3': -1, '4': -1}",[],[]
c3163,,0.00,"{'0': [], '1': [], '2': [], '3': [], '4': []}","{'0': -1, '1': -1, '2': -1, '3': -1, '4': -1}",[],[]
c3164,,100.00,"{'0': [], '1': [], '2': [], '3': [], '4': []}","{'0': -1, '1': -1, '2': -1, '3': -1, '4': -1}",[],[]
c4003,,8.33,"{'0': ['set_acc', 'set_speed'], '1': ['set_counter', 'set_max_hp'], '2': ['set_immune'], '3': ['set_acc', 'set_counter'], '4': ['set_coop', 'set_def', 'set_max_hp']}","{'0': '26.67', '1': '14.29', '2': '100', '3': '0', '4': '0'}",[],[]
c4004,Ranking: 24 / 153,51.41,"{'0': ['set_max_hp', 'set_speed'], '1': ['set_max_hp', 'set_max_hp', 'set_max_hp'], '2': ['set_max_hp', 'set_max_hp', 'set_res'], '3': ['set_counter', 'set_max_hp'], '4': ['set_res', 'set_speed']}","{'0': '43.78', '1': '38.38', '2': '44.44', '3': '51.89', '4': '49.26'}","['c1192', 'c2131', 'c2124']","['c1171', 'c5154', 'c2131']"
c4005,,40.00,"{'0': ['set_counter', 'set_def'], '1': ['set_def', 'set_speed'], '2': ['set_counter', 'set_res'], '3': ['set_acc', 'set_counter'], '4': ['set_max_hp', 'set_speed']}","{'0': '40.11', '1': '48.92', '2': '45.74', '3': '48.98', '4': '57.81'}",[],[]
c4012,,33.33,"{'0': ['set_cri_dmg', 'set_torrent'], '1': ['set_max_hp'], '2': ['set_penetrate', 'set_speed'], '3': ['set_penetrate', 'set_rage'], '4': ['set_cri', 'set_speed']}","{'0': '100', '1': '100', '2': '0', '3': '0', '4': '0'}",[],[]
c4013,,53.57,"{'0': [], '1': [], '2': [], '3': [], '4': []}","{'0': -1, '1': -1, '2': -1, '3': -1, '4': -1}",[],[]
c4023,,0.00,"{'0': ['set_cri', 'set_speed'], '1': ['set_speed'], '2': ['set_att'], '3': ['set_penetrate', 'set_speed'], '4': ['set_att', 'set_torrent']}","{'0': '37.5', '1': '100', '2': '100', '3': '0', '4': '0'}",[],[]
c4025,Ranking: 81 / 153,46.85,"{'0': ['set_max_hp', 'set_scar'], '1': ['set_immune', 'set_scar'], '2': ['set_max_hp', 'set_vampire'], '3': ['set_max_hp', 'set_max_hp', 'set_max_hp'], '4': ['set_att', 'set_cri']}","{'0': '34.78', '1': '100', '2': '25', '3': '33.33', '4': '100'}","['c2007', 'c1172', 'c1073']","['c1153', 'c1183', 'c1060']"
c4035,,26.72,"{'0': ['set_penetrate', 'set_rage'], '1': ['set_penetrate'], '2': ['set_cri', 'set_cri_dmg'], '3': ['set_cri', 'set_rage'], '4': ['set_cri_dmg', 'set_penetrate']}","{'0': '33.33', '1': '100', '2': '0', '3': '0', '4': '0'}",[],[]
c4041,,0.00,"{'0': [], '1': [], '2': [], '3': [], '4': []}","{'0': -1, '1': -1, '2': -1, '3': -1, '4': -1}",[],[]
c4042,,30.77,"{'0': ['set_max_hp', 'set_revenge'], '1': ['set_max_hp', 'set_speed'], '2': ['set_max_hp', 'set_max_hp', 'set_max_hp'], '3': ['set_res'], '4': ['set_immune']}","{'0': '28.57', '1': '40', '2': '25', '3': '100', '4': '100'}",[],[]
c4044,,18.18,"{'0': ['set_max_hp', 'set_speed'], '1': ['set_res', 'set_speed'], '2': ['set_max_hp', 'set_revenge'], '3': ['set_max_hp', 'set_max_hp', 'set_res'], '4': ['set_max_hp', 'set_max_hp', 'set_max_hp']}","{'0': '40.1', '1': '21.21', '2': '27.27', '3': '80', '4': '60'}",[],[]
c4051,,28.00,"{'0': ['set_max_hp', 'set_speed'], '1': ['set_acc', 'set_speed'], '2': ['set_speed'], '3': ['set_immune', 'set_speed'], '4': ['set_cri', 'set_speed']}","{'0': '51.22', '1': '55.26', '2': '38.24', '3': '50', '4': '35.71'}",[],[]
c4052,,0.00,"{'0': [], '1': [], '2': [], '3': [], '4': []}","{'0': -1, '1': -1, '2': -1, '3': -1, '4': -1}",[],[]
c4065,,50.00,"{'0': ['set_acc', 'set_speed'], '1': ['set_penetrate', 'set_speed'], '2': ['set_cri', 'set_speed'], '3': ['set_max_hp', 'set_speed'], '4': ['set_coop', 'set_speed']}","{'0': '32.22', '1': '28.05', '2': '40', '3': '60', '4': '12.5'}",[],[]
c4071,,16.67,"{'0': ['set_att', 'set_penetrate'], '1': ['set_cri'], '2': ['set_penetrate', 'set_speed'], '3': ['set_cri', 'set_speed'], '4': ['set_cri_dmg']}","{'0': '66.67', '1': '25', '2': '100', '3': '0', '4': '0'}",[],[]
c4103,,42.11,"{'0': [], '1': [], '2': [], '3': [], '4': []}","{'0': -1, '1': -1, '2': -1, '3': -1, '4': -1}",[],[]
c4105,,17.65,"{'0': ['set_max_hp', 'set_speed'], '1': ['set_speed'], '2': ['set_res', 'set_speed'], '3': ['set_immune', 'set_speed'], '4': ['set_acc', 'set_max_hp', 'set_max_hp']}","{'0': '40.64', '1': '49.38', '2': '34.62', '3': '50', '4': '62.5'}",[],[]
c4123,Ranking: 46 / 153,49.74,"{'0': ['set_res', 'set_res', 'set_res'], '1': ['set_res', 'set_speed'], '2': ['set_counter', 'set_res'], '3': ['set_max_hp', 'set_res', 'set_res'], '4': ['set_max_hp', 'set_res']}","{'0': '42.46', '1': '48.32', '2': '45.61', '3': '43.33', '4': '50'}","['c1163', 'c4025', 'c2186']","['c2103', 'c1162', 'c1073']"
c4143,,0.00,"{'0': [], '1': [], '2': [], '3': [], '4': []}","{'0': -1, '1': -1, '2': -1, '3': -1, '4': -1}",[],[]
c4144,Ranking: 137 / 153,38.22,"{'0': ['set_penetrate', 'set_speed'], '1': ['set_cri', 'set_speed'], '2': ['set_cri_dmg', 'set_penetrate'], '3': ['set_cri', 'set_cri_dmg'], '4': ['set_penetrate', 'set_vampire']}","{'0': '46.84', '1': '41.8', '2': '46.29', '3': '40.8', '4': '42.27'}",[],[]
c4158,Ranking: 48 / 153,49.46,"{'0': ['set_counter', 'set_res'], '1': ['set_counter', 'set_penetrate'], '2': ['set_counter', 'set_torrent'], '3': ['set_counter'], '4': ['set_counter', 'set_immune']}","{'0': '54', '1': '55.14', '2': '54.8', '3': '51.33', '4': '56.07'}","['c5147', 'c6005', 'c5154']","['c6005', 'c5154', 'c2185']"
c5001,,42.16,"{'0': ['set_max_hp', 'set_speed'], '1': ['set_immune', 'set_speed'], '2': ['set_max_hp', 'set_max_hp', 'set_max_hp'], '3': ['set_acc', 'set_speed'], '4': ['set_res', 'set_speed']}","{'0': '47.17', '1': '50', '2': '42.11', '3': '35.65', '4': '62.5'}",[],[]
c5004,Ranking: 127 / 153,41.47,"{'0': ['set_acc', 'set_speed'], '1': ['set_immune', 'set_speed'], '2': ['set_max_hp', 'set_speed'], '3': ['set_counter', 'set_immune'], '4': ['set_speed']}","{'0': '52.32', '1': '54.43', '2': '54.18', '3': '50.17', '4': '51.32'}",[],[]
c5009,Ranking: 38 / 153,50.23,"{'0': ['set_cri_dmg', 'set_torrent'], '1': ['set_att', 'set_cri'], '2': ['set_cri', 'set_cri_dmg'], '3': ['set_coop', 'set_cri_dmg'], '4': ['set_max_hp', 'set_speed']}","{'0': '44.62', '1': '44.07', '2': '39.62', '3': '64', '4': '37.84'}","['c5154', 'c2124', 'c1183']","['c6005', 'c1133', 'c1153']"
c5016,Ranking: 3 / 153,56.47,"{'0': ['set_speed'], '1': ['set_cri', 'set_speed'], '2': ['set_immune', 'set_speed'], '3': ['set_res', 'set_speed'], '4': ['set_max_hp', 'set_speed']}","{'0': '46.84', '1': '46.85', '2': '38.62', '3': '44.74', '4': '41.03'}",[],[]
c5024,Ranking: 146 / 153,35.69,"{'0': ['set_acc', 'set_speed'], '1': ['set_speed'], '2': ['set_immune', 'set_speed'], '3': ['set_acc', 'set_att'], '4': ['set_cri', 'set_speed']}","{'0': '50.68', '1': '49', '2': '56.07', '3': '43.16', '4': '40'}",[],[]
c5033,Ranking: 56 / 153,48.89,"{'0': [], '1': [], '2': [], '3': [], '4': []}","{'0': -1, '1': -1, '2': -1, '3': -1, '4': -1}","['c1158', 'c1133', 'c2128']","['c2186', 'c2046', 'c2181']"
c5046,Ranking: 63 / 153,48.45,"{'0': ['set_max_hp', 'set_speed'], '1': ['set_acc', 'set_speed'], '2': ['set_speed'], '3': ['set_cri', 'set_speed'], '4': ['set_immune', 'set_speed']}","{'0': '49.79', '1': '53.31', '2': '47.3', '3': '40.56', '4': '46.85'}","['c5154', 'c1183', 'c2185']","['c1178', 'c2148', 'c2185']"
c5050,,27.27,"{'0': ['set_acc', 'set_speed'], '1': ['set_cri', 'set_speed'], '2': ['set_att', 'set_cri'], '3': ['set_speed'], '4': ['set_coop', 'set_speed']}","{'0': '38.8', '1': '34.15', '2': '45.16', '3': '37.5', '4': '100'}",[],[]
c5069,Ranking: 49 / 153,49.31,"{'0': [], '1': [], '2': [], '3': [], '4': []}","{'0': -1, '1': -1, '2': -1, '3': -1, '4': -1}","['c2110', 'c2125', 'c2186']","['c2186', 'c1104', 'c2076']"
c5070,,40.97,"{'0': [], '1': [], '2': [], '3': [], '4': []}","{'0': -1, '1': -1, '2': -1, '3': -1, '4': -1}",[],[]
c5071,,34.72,"{'0': ['set_cri', 'set_speed'], '1': ['set_cri', 'set_vampire'], '2': ['set_immune', 'set_vampire'], '3': ['set_cri', 'set_cri_dmg'], '4': ['set_att', 'set_cri']}","{'0': '33.91', '1': '41.86', '2': '50', '3': '38.46', '4': '57.69'}",[],[]
c5072,Ranking: 65 / 153,48.23,"{'0': [], '1': [], '2': [], '3': [], '4': []}","{'0': -1, '1': -1, '2': -1, '3': -1, '4': -1}","['c1193', 'c1153', 'c1133']","['c2129', 'c1117', 'c2103']"
c5082,Ranking: 151 / 153,34.38,"{'0': ['set_res', 'set_speed'], '1': ['set_max_hp', 'set_speed'], '2': ['set_res', 'set_res', 'set_res'], '3': ['set_acc', 'set_speed'], '4': ['set_counter', 'set_res']}","{'0': '41.96', '1': '33.16', '2': '30.05', '3': '28.03', '4': '46.15'}",[],[]
c5089,Ranking: 108 / 153,44.20,"{'0': ['set_speed', 'set_torrent'], '1': ['set_penetrate', 'set_speed'], '2': ['set_speed'], '3': ['set_torrent', 'set_torrent', 'set_torrent'], '4': ['set_cri', 'set_speed']}","{'0': '51.96', '1': '43.02', '2': '43.6', '3': '44.03', '4': '46.67'}","['c2124', 'c5154', 'c1183']",['c6005']
c5110,Ranking: 78 / 153,47.29,"{'0': ['set_cri_dmg', 'set_penetrate'], '1': ['set_penetrate', 'set_vampire'], '2': ['set_penetrate', 'set_speed'], '3': ['set_immune', 'set_vampire'], '4': ['set_counter', 'set_penetrate']}","{'0': '53.28', '1': '56.88', '2': '55.03', '3': '59.64', '4': '50.34'}","['c2124', 'c5154', 'c6005']","['c2186', 'c2181', 'c2024']"
c5111,Ranking: 84 / 153,46.36,"{'0': ['set_acc', 'set_speed'], '1': ['set_speed'], '2': ['set_cri', 'set_speed'], '3': ['set_immune', 'set_speed'], '4': ['set_max_hp', 'set_speed']}","{'0': '45.23', '1': '42.86', '2': '34.48', '3': '44.71', '4': '45.24'}","['c1193', 'c6005', 'c2076']","['c2148', 'c2076', 'c6005']"
c5112,Ranking: 62 / 153,48.52,"{'0': [], '1': [], '2': [], '3': [], '4': []}","{'0': -1, '1': -1, '2': -1, '3': -1, '4': -1}","['c1162', 'c1177', 'c1103']","['c6050', 'c2046', 'c2076']"
c5128,Ranking: 99 / 153,44.87,"{'0': [], '1': [], '2': [], '3': [], '4': []}","{'0': -1, '1': -1, '2': -1, '3': -1, '4': -1}","['c1133', 'c2186', 'c6037']","['c5175', 'c2186', 'c5033']"
c5147,Ranking: 41 / 153,50.14,"{'0': [], '1': [], '2': [], '3': [], '4': []}","{'0': -1, '1': -1, '2': -1, '3': -1, '4': -1}","['c2185', 'c1020', 'c2110']","['c2001', 'c1179', 'c2186']"
c5149,Ranking: 139 / 153,37.50,"{'0': ['set_max_hp', 'set_speed'], '1': ['set_acc', 'set_speed'], '2': ['set_immune', 'set_speed'], '3': ['set_max_hp', 'set_max_hp', 'set_max_hp'], '4': ['set_speed']}","{'0': '35.24', '1': '30.56', '2': '27.27', '3': '22.73', '4': '26.67'}",[],[]
c5154,Ranking: 6 / 153,53.73,"{'0': [], '1': [], '2': [], '3': [], '4': []}","{'0': -1, '1': -1, '2': -1, '3': -1, '4': -1}","['c2023', 'c1192', 'c2129']","['c2186', 'c1162', 'c1131']"
c5175,Ranking: 11 / 153,52.59,"{'0': [], '1': [], '2': [], '3': [], '4': []}","{'0': -1, '1': -1, '2': -1, '3': -1, '4': -1}","['c1133', 'c1168', 'c5147']","['c2071', 'c1172', 'c2148']"
c5190,Ranking: 14 / 153,52.30,"{'0': [], '1': [], '2': [], '3': [], '4': []}","{'0': -1, '1': -1, '2': -1, '3': -1, '4': -1}","['c2186', 'c1007', 'c1182']","['c1172', 'c2186', 'c1112']"
c6003,Ranking: 85 / 153,46.35,"{'0': [], '1': [], '2': [], '3': [], '4': []}","{'0': -1, '1': -1, '2': -1, '3': -1, '4': -1}",[],[]
c6005,Ranking: 10 / 153,53.33,"{'0': [], '1': [], '2': [], '3': [], '4': []}","{'0': -1, '1': -1, '2': -1, '3': -1, '4': -1}","['c1148', 'c2002', 'c4025']","['c1172', 'c2148', 'c2076']"
c6008,,23.53,"{'0': ['set_immune', 'set_speed'], '1': ['set_max_hp', 'set_speed'], '2': ['set_def', 'set_speed'], '3': ['set_acc', 'set_speed'], '4': ['set_def', 'set_scar']}","{'0': '31.51', '1': '40', '2': '51.61', '3': '23.08', '4': '35.29'}",[],[]
c6011,,26.92,"{'0': ['set_penetrate', 'set_speed'], '1': ['set_cri', 'set_speed'], '2': ['set_speed'], '3': ['set_speed', 'set_torrent'], '4': ['set_cri', 'set_cri_dmg']}","{'0': '43.59', '1': '41.15', '2': '39.51', '3': '35.45', '4': '66.67'}",[],[]
c6014,,49.41,"{'0': ['set_acc', 'set_speed'], '1': ['set_speed'], '2': ['set_max_hp', 'set_speed'], '3': ['set_acc'], '4': ['set_res', 'set_speed']}","{'0': '47.56', '1': '45.45', '2': '40.91', '3': '57.14', '4': '100'}",[],[]
c6017,Ranking: 93 / 153,45.32,"{'0': ['set_res', 'set_speed'], '1': ['set_max_hp', 'set_speed'], '2': ['set_immune', 'set_speed'], '3': ['set_res', 'set_res', 'set_res'], '4': ['set_max_hp', 'set_res', 'set_res']}","{'0': '42.47', '1': '39.9', '2': '38.66', '3': '42.72', '4': '43.75'}","['c2131', 'c1172', 'c2181']","['c2181', 'c1168', 'c1172']"
c6020,Ranking: 75 / 153,47.42,"{'0': ['set_acc', 'set_speed'], '1': ['set_speed'], '2': ['set_acc', 'set_att'], '3': ['set_speed', 'set_torrent'], '4': ['set_cri', 'set_speed']}","{'0': '47.07', '1': '41.31', '2': '50.88', '3': '66.67', '4': '29.55'}","['c1168', 'c5033', 'c2185']","['c6005', 'c2024', 'c5033']"
c6024,Ranking: 40 / 153,50.14,"{'0': [], '1': [], '2': [], '3': [], '4': []}","{'0': -1, '1': -1, '2': -1, '3': -1, '4': -1}","['c2007', 'c5072', 'c1177']","['c2186', 'c1091', 'c1182']"
c6037,Ranking: 51 / 153,49.28,"{'0': ['set_res', 'set_speed'], '1': ['set_immune', 'set_speed'], '2': ['set_max_hp', 'set_speed'], '3': ['set_speed'], '4': ['set_acc', 'set_speed']}","{'0': '47.05', '1': '47.94', '2': '45.68', '3': '46.97', '4': '40.74'}","['c2012', 'c2181', 'c2101']","['c2009', 'c1172', 'c1117']"
c6050,Ranking: 87 / 153,46.12,"{'0': [], '1': [], '2': [], '3': [], '4': []}","{'0': -1, '1': -1, '2': -1, '3': -1, '4': -1}","['c4123', 'c2186', 'c1193']","['c2186', 'c5112', 'c1172']"
c6062,Ranking: 133 / 153,39.11,"{'0': ['set_acc', 'set_speed'], '1': ['set_res', 'set_speed'], '2': ['set_max_hp', 'set_speed'], '3': ['set_speed'], '4': ['set_immune', 'set_speed']}","{'0': '44.89', '1': '46.15', '2': '48.68', '3': '47.1', '4': '45.64'}",[],[]
c6065,,49.32,"{'0': [], '1': [], '2': [], '3': [], '4': []}","{'0': -1, '1': -1, '2': -1, '3': -1, '4': -1}",[],[]
m0025,,33.33,"{'0': [], '1': [], '2': [], '3': [], '4': []}","{'0': -1, '1': -1, '2': -1, '3': -1, '4': -1}",[],[]
m0032,,50.00,"{'0': [], '1': [], '2': [], '3': [], '4': []}","{'0': -1, '1': -1, '2': -1, '3': -1, '4': -1}",[],[]
m0061,,50.00,"{'0': [], '1': [], '2': [], '3': [], '4': []}","{'0': -1, '1': -1, '2': -1, '3': -1, '4': -1}",[],[]
m0062,,50.00,"{'0': [], '1': [], '2': [], '3': [], '4': []}","{'0': -1, '1': -1, '2': -1, '3': -1, '4': -1}",[],[]
m0063,,40.00,"{'0': [], '1': [], '2': [], '3': [], '4': []}","{'0': -1, '1': -1, '2': -1, '3': -1, '4': -1}",[],[]
m0065,,,"{'0': [], '1': [], '2': [], '3': [], '4': []}","{'0': -1, '1': -1, '2': -1, '3': -1, '4': -1}",[],[]
m0144,,0.00,"{'0': [], '1': [], '2': [], '3': [], '4': []}","{'0': -1, '1': -1, '2': -1, '3': -1, '4': -1}",[],[]
m0145,,33.33,"{'0': [], '1': [], '2': [], '3': [], '4': []}","{'0': -1, '1': -1, '2': -1, '3': -1, '4': -1}",[],[]
m0202,,25.00,"{'0': [], '1': [], '2': [], '3': [], '4': []}","{'0': -1, '1': -1, '2': -1, '3': -1, '4': -1}",[],[]
m0205,,0.00,"{'0': [], '1': [], '2': [], '3': [], '4': []}","{'0': -1, '1': -1, '2': -1, '3': -1, '4': -1}",[],[]
m0256,,0.00,"{'0': [], '1': [], '2': [], '3': [], '4': []}","{'0': -1, '1': -1, '2': -1, '3': -1, '4': -1}",[],[]
m0342,,50.00,"{'0': [], '1': [], '2': [], '3': [], '4': []}","{'0': -1, '1': -1, '2': -1, '3': -1, '4': -1}",[],[]
m0561,,50.00,"{'0': [], '1': [], '2': [], '3': [], '4': []}","{'0': -1, '1': -1, '2': -1, '3': -1, '4': -1}",[],[]
m0572,,0.00,"{'0': [], '1': [], '2': [], '3': [], '4': []}","{'0': -1, '1': -1, '2': -1, '3': -1, '4': -1}",[],[]
m0574,,33.33,"{'0': [], '1': [], '2': [], '3': [], '4': []}","{'0': -1, '1': -1, '2': -1, '3': -1, '4': -1}",[],[]
m0575,,50.00,"{'0': [], '1': [], '2': [], '3': [], '4': []}","{'0': -1, '1': -1, '2': -1, '3': -1, '4': -1}",[],[]
m0795,,25.00,"{'0': [], '1': [], '2': [], '3': [], '4': []}","{'0': -1, '1': -1, '2': -1, '3': -1, '4': -1}",[],[]
m1012,,0.00,"{'0': [], '1': [], '2': [], '3': [], '4': []}","{'0': -1, '1': -1, '2': -1, '3': -1, '4': -1}",[],[]
m8041,,33.33,"{'0': [], '1': [], '2': [], '3': [], '4': []}","{'0': -1, '1': -1, '2': -1, '3': -1, '4': -1}",[],[]
m8042,,0.00,"{'0': [], '1': [], '2': [], '3': [], '4': []}","{'0': -1, '1': -1, '2': -1, '3': -1, '4': -1}",[],[]
m8043,,0.00,"{'0': [], '1': [], '2': [], '3': [], '4': []}","{'0': -1, '1': -1, '2': -1, '3': -1, '4': -1}",[],[]
m9033,,100.00,"{'0': [], '1': [], '2': [], '3': [], '4': []}","{'0': -1, '1': -1, '2': -1, '3': -1, '4': -1}",[],[]
c3072,,,"{'0': [], '1': [], '2': [], '3': [], '4': []}","{'0': -1, '1': -1, '2': -1, '3': -1, '4': -1}",[],[]
c1001,Ranking: 286 / 313,0,"{'0': [], '1': [], '2': [], '3': [], '4': []}","{'0': -1, '1': -1, '2': -1, '3': -1, '4': -1}",[],[]
c3023,Ranking: 1 / 313,100,"{'0': [], '1': [], '2': [], '3': [], '4': []}","{'0': -1, '1': -1, '2': -1, '3': -1, '4': -1}",[],[]
c4073,Ranking: 260 / 313,25,"{'0': [], '1': [], '2': [], '3': [], '4': []}","{'0': -1, '1': -1, '2': -1, '3': -1, '4': -1}",[],[]
c1033,Ranking: 1 / 313,100,"{'0': [], '1': [], '2': [], '3': [], '4': []}","{'0': -1, '1': -1, '2': -1, '3': -1, '4': -1}",[],[]
c3093,Ranking: 71 / 313,50,"{'0': [], '1': [], '2': [], '3': [], '4': []}","{'0': -1, '1': -1, '2': -1, '3': -1, '4': -1}",[],[]
c1085,Ranking: 286 / 313,0,"{'0': [], '1': [], '2': [], '3': [], '4': []}","{'0': -1, '1': -1, '2': -1, '3': -1, '4': -1}",[],[]
c1013,Ranking: 1 / 313,100,"{'0': [], '1': [], '2': [], '3': [], '4': []}","{'0': -1, '1': -1, '2': -1, '3': -1, '4': -1}",[],[]
c4001,Ranking: 71 / 313,50,"{'0': [], '1': [], '2': [], '3': [], '4': []}","{'0': -1, '1': -1, '2': -1, '3': -1, '4': -1}","['c2125', 'c1142', 'c5110']","['c1070', 'c2112', 'c1163']"
c1003,Ranking: 200 / 313,40,"{'0': [], '1': [], '2': [], '3': [], '4': []}","{'0': -1, '1': -1, '2': -1, '3': -1, '4': -1}","['c5110', 'c2128', 'c2112']","['c1089', 'c6017', 'c1006']"
c3143,,,"{'0': [], '1': [], '2': [], '3': [], '4': []}","{'0': -1, '1': -1, '2': -1, '3': -1, '4': -1}",[],[]
c3155,Ranking: 9 / 313,75,"{'0': [], '1': [], '2': [], '3': [], '4': []}","{'0': -1, '1': -1, '2': -1, '3': -1, '4': -1}",[],[]
c4034,Ranking: 239 / 313,33.33,"{'0': [], '1': [], '2': [], '3': [], '4': []}","{'0': -1, '1': -1, '2': -1, '3': -1, '4': -1}",[],[]
c3131,,,"{'0': [], '1': [], '2': [], '3': [], '4': []}","{'0': -1, '1': -1, '2': -1, '3': -1, '4': -1}",[],[]
c3003,,,"{'0': [], '1': [], '2': [], '3': [], '4': []}","{'0': -1, '1': -1, '2': -1, '3': -1, '4': -1}",[],[]
c3005,,,"{'0': [], '1': [], '2': [], '3': [], '4': []}","{'0': -1, '1': -1, '2': -1, '3': -1, '4': -1}",[],[]
c1036,Ranking: 286 / 313,0,"{'0': [], '1': [], '2': [], '3': [], '4': []}","{'0': -1, '1': -1, '2': -1, '3': -1, '4': -1}",[],[]
c3101,Ranking: 1 / 313,100,"{'0': [], '1': [], '2': [], '3': [], '4': []}","{'0': -1, '1': -1, '2': -1, '3': -1, '4': -1}",[],[]
c3012,Ranking: 286 / 313,0,"{'0': [], '1': [], '2': [], '3': [], '4': []}","{'0': -1, '1': -1, '2': -1, '3': -1, '4': -1}",[],[]
c3065,,,"{'0': [], '1': [], '2': [], '3': [], '4': []}","{'0': -1, '1': -1, '2': -1, '3': -1, '4': -1}",[],[]
c3035,,,"{'0': [], '1': [], '2': [], '3': [], '4': []}","{'0': -1, '1': -1, '2': -1, '3': -1, '4': -1}",[],[]
c3022,,,"{'0': [], '1': [], '2': [], '3': [], '4': []}","{'0': -1, '1': -1, '2': -1, '3': -1, '4': -1}",[],[]
c3052,,,"{'0': [], '1': [], '2': [], '3': [], '4': []}","{'0': -1, '1': -1, '2': -1, '3': -1, '4': -1}",[],[]
c3105,,,"{'0': [], '1': [], '2': [], '3': [], '4': []}","{'0': -1, '1': -1, '2': -1, '3': -1, '4': -1}",[],[]
c4142,Ranking: 239 / 313,33.33,"{'0': [], '1': [], '2': [], '3': [], '4': []}","{'0': -1, '1': -1, '2': -1, '3': -1, '4': -1}",[],[]
c3071,,,"{'0': [], '1': [], '2': [], '3': [], '4': []}","{'0': -1, '1': -1, '2': -1, '3': -1, '4': -1}",[],[]
c4062,Ranking: 283 / 313,13.89,"{'0': ['set_max_hp', 'set_speed'], '1': ['set_cri'], '2': ['set_coop', 'set_speed'], '3': ['set_acc'], '4': ['set_acc', 'set_immune', 'set_max_hp']}","{'0': '27.27', '1': '28.57', '2': '0', '3': '0', '4': '0'}","['c5110', 'c2011', 'c1055']","['c2106', 'c2103', 'c1144']"
c3158,Ranking: 256 / 313,28.57,"{'0': [], '1': [], '2': [], '3': [], '4': []}","{'0': -1, '1': -1, '2': -1, '3': -1, '4': -1}",[],[]
c3042,,,"{'0': [], '1': [], '2': [], '3': [], '4': []}","{'0': -1, '1': -1, '2': -1, '3': -1, '4': -1}",[],[]
c3095,,,"{'0': [], '1': [], '2': [], '3': [], '4': []}","{'0': -1, '1': -1, '2': -1, '3': -1, '4': -1}",[],[]
c3051,,,"{'0': [], '1': [], '2': [], '3': [], '4': []}","{'0': -1, '1': -1, '2': -1, '3': -1, '4': -1}",[],[]
c4141,Ranking: 277 / 313,15.38,"{'0': [], '1': [], '2': [], '3': [], '4': []}","{'0': -1, '1': -1, '2': -1, '3': -1, '4': -1}",[],[]
c3165,Ranking: 13 / 313,60,"{'0': [], '1': [], '2': [], '3': [], '4': []}","{'0': -1, '1': -1, '2': -1, '3': -1, '4': -1}",[],[]
c3006,Ranking: 286 / 313,0,"{'0': [], '1': [], '2': [], '3': [], '4': []}","{'0': -1, '1': -1, '2': -1, '3': -1, '4': -1}",[],[]
c3092,Ranking: 71 / 313,50,"{'0': [], '1': [], '2': [], '3': [], '4': []}","{'0': -1, '1': -1, '2': -1, '3': -1, '4': -1}",[],[]
c3033,,,"{'0': [], '1': [], '2': [], '3': [], '4': []}","{'0': -1, '1': -1, '2': -1, '3': -1, '4': -1}",[],[]
c3084,Ranking: 213 / 313,37.5,"{'0': [], '1': [], '2': [], '3': [], '4': []}","{'0': -1, '1': -1, '2': -1, '3': -1, '4': -1}",[],[]
c3044,,,"{'0': [], '1': [], '2': [], '3': [], '4': []}","{'0': -1, '1': -1, '2': -1, '3': -1, '4': -1}",[],[]
c1021,Ranking: 200 / 313,40,"{'0': [], '1': [], '2': [], '3': [], '4': []}","{'0': -1, '1': -1, '2': -1, '3': -1, '4': -1}",[],[]
c1018,Ranking: 286 / 313,0,"{'0': [], '1': [], '2': [], '3': [], '4': []}","{'0': -1, '1': -1, '2': -1, '3': -1, '4': -1}",[],[]
c1040,Ranking: 286 / 313,0,"{'0': [], '1': [], '2': [], '3': [], '4': []}","{'0': -1, '1': -1, '2': -1, '3': -1, '4': -1}",[],[]
c3013,Ranking: 286 / 313,0,"{'0': [], '1': [], '2': [], '3': [], '4': []}","{'0': -1, '1': -1, '2': -1, '3': -1, '4': -1}",[],[]
c3156,,,"{'0': [], '1': [], '2': [], '3': [], '4': []}","{'0': -1, '1': -1, '2': -1, '3': -1, '4': -1}",[],[]
c3122,,,"{'0': [], '1': [], '2': [], '3': [], '4': []}","{'0': -1, '1': -1, '2': -1, '3': -1, '4': -1}",[],[]
c3031,Ranking: 286 / 313,0,"{'0': [], '1': [], '2': [], '3': [], '4': []}","{'0': -1, '1': -1, '2': -1, '3': -1, '4': -1}",[],[]
c3075,Ranking: 71 / 313,50,"{'0': [], '1': [], '2': [], '3': [], '4': []}","{'0': -1, '1': -1, '2': -1, '3': -1, '4': -1}",[],[]
c1010,,,"{'0': [], '1': [], '2': [], '3': [], '4': []}","{'0': -1, '1': -1, '2': -1, '3': -1, '4': -1}",[],[]
